[2026-08-28T15:30:09.781Z] [INFO] ========== Batch run started ==========
[2026-08-28T15:30:09.785Z] [INFO] Validating: /Users/sukesh/Documents/vrize/callradar-data/combined
[2026-08-28T15:31:00.929Z] [INFO] ========== Batch run started ==========
[2026-08-28T15:31:00.933Z] [INFO] Validating: /Users/sukesh/Documents/vrize/callradar-data/combined
[2026-08-28T15:32:20.351Z] [INFO] ========== Batch run started ==========
[2026-08-28T15:32:20.354Z] [INFO] Validating: /Users/sukesh/Documents/vrize/callradar-data/combined
[2026-08-28T15:32:20.391Z] [INFO] Validation passed: 50 call folder(s), call_1 through call_50
[2026-08-28T15:32:20.392Z] [INFO] Validation-only run completed; no API requests were sent.
[2026-08-28T15:32:43.992Z] [INFO] ========== Batch run started ==========
[2026-08-28T15:32:43.996Z] [INFO] Validating: /Users/sukesh/Documents/vrize/callradar-data/combined
[2026-08-28T15:32:44.014Z] [INFO] Validation passed: 50 call folder(s), call_1 through call_50
[2026-08-28T15:32:44.015Z] [INFO] Already completed in selected range: 0
[2026-08-28T15:32:44.015Z] [INFO] Pending in selected range: 50
[2026-08-28T15:32:44.015Z] [INFO] Processing in this run: 50
[2026-08-28T15:32:44.015Z] [INFO] API: http://127.0.0.1:8894/audio/transcribe
[2026-08-28T15:32:44.015Z] [INFO] [1/50] call_1 (004860b1ab2e4c88) — API request started
[2026-08-28T15:33:23.434Z] [INFO] [1/50] call_1 — completed in 39s
[2026-08-28T15:33:23.435Z] [INFO] [2/50] call_2 (0091a706bc604188) — API request started
[2026-08-28T15:33:37.794Z] [INFO] [2/50] call_2 — completed in 14s
[2026-08-28T15:33:37.795Z] [INFO] [3/50] call_3 (00d676d7058c49bb) — API request started
[2026-08-28T15:33:54.289Z] [INFO] [3/50] call_3 — completed in 16s
[2026-08-28T15:33:54.290Z] [INFO] [4/50] call_4 (00f7dce6fc3849a2) — API request started
[2026-08-28T15:34:07.278Z] [INFO] [4/50] call_4 — completed in 13s
[2026-08-28T15:34:07.278Z] [INFO] [5/50] call_5 (010d38f5ada54e0d) — API request started
[2026-08-28T15:34:18.546Z] [INFO] [5/50] call_5 — completed in 11s
[2026-08-28T15:34:18.547Z] [INFO] [6/50] call_6 (010eaccb7a23436f) — API request started
[2026-08-28T15:34:32.949Z] [INFO] [6/50] call_6 — completed in 14s
[2026-08-28T15:34:32.950Z] [INFO] [7/50] call_7 (0126ffdce48049a9) — API request started
[2026-08-28T15:34:46.312Z] [INFO] [7/50] call_7 — completed in 13s
[2026-08-28T15:34:46.313Z] [INFO] [8/50] call_8 (0188295665114e74) — API request started
[2026-08-28T15:34:59.433Z] [INFO] [8/50] call_8 — completed in 13s
[2026-08-28T15:34:59.435Z] [INFO] [9/50] call_9 (01cefd6f5c044a6f) — API request started
[2026-08-28T15:35:14.628Z] [INFO] [9/50] call_9 — completed in 15s
[2026-08-28T15:35:14.628Z] [INFO] [10/50] call_10 (01f7ec3700424bc0) — API request started
[2026-08-28T15:35:30.857Z] [INFO] [10/50] call_10 — completed in 16s
[2026-08-28T15:35:30.857Z] [INFO] [11/50] call_11 (021cd80ca7cc464b) — API request started
[2026-08-28T15:35:43.555Z] [INFO] [11/50] call_11 — completed in 13s
[2026-08-28T15:35:43.555Z] [INFO] [12/50] call_12 (02b03e407894474b) — API request started
[2026-08-28T15:35:56.557Z] [INFO] [12/50] call_12 — completed in 13s
[2026-08-28T15:35:56.558Z] [INFO] [13/50] call_13 (02e41649e7c441fd) — API request started
[2026-08-28T15:36:15.286Z] [INFO] [13/50] call_13 — completed in 19s
[2026-08-28T15:36:15.286Z] [INFO] [14/50] call_14 (02fd023b18d246d0) — API request started
[2026-08-28T15:36:31.457Z] [INFO] [14/50] call_14 — completed in 16s
[2026-08-28T15:36:31.457Z] [INFO] [15/50] call_15 (0317f95f3d7441c5) — API request started
[2026-08-28T15:36:46.832Z] [INFO] [15/50] call_15 — completed in 15s
[2026-08-28T15:36:46.832Z] [INFO] [16/50] call_16 (035edd1d09c1433e) — API request started
[2026-08-28T15:37:01.155Z] [INFO] [16/50] call_16 — completed in 14s
[2026-08-28T15:37:01.156Z] [INFO] [17/50] call_17 (0377245f73a54480) — API request started
[2026-08-28T15:37:16.223Z] [INFO] [17/50] call_17 — completed in 15s
[2026-08-28T15:37:16.225Z] [INFO] [18/50] call_18 (0395f6997a8e4836) — API request started
[2026-08-28T15:37:42.326Z] [INFO] [18/50] call_18 — completed in 26s
[2026-08-28T15:37:42.326Z] [INFO] [19/50] call_19 (03a17cc36d474151) — API request started
[2026-08-28T15:38:00.535Z] [INFO] [19/50] call_19 — completed in 18s
[2026-08-28T15:38:00.536Z] [INFO] [20/50] call_20 (03aad8e17c8d4d81) — API request started
[2026-08-28T15:38:19.558Z] [INFO] [20/50] call_20 — completed in 19s
[2026-08-28T15:38:19.558Z] [INFO] [21/50] call_21 (03df1bec638a46e6) — API request started
[2026-08-28T15:38:39.981Z] [INFO] [21/50] call_21 — completed in 20s
[2026-08-28T15:38:39.981Z] [INFO] [22/50] call_22 (03fccf2cf2254435) — API request started
[2026-08-28T15:38:57.112Z] [INFO] [22/50] call_22 — completed in 17s
[2026-08-28T15:38:57.112Z] [INFO] [23/50] call_23 (040f493852fe4553) — API request started
[2026-08-28T15:39:14.733Z] [INFO] [23/50] call_23 — completed in 18s
[2026-08-28T15:39:14.733Z] [INFO] [24/50] call_24 (04a1020bb9bc4a45) — API request started
[2026-08-28T15:39:27.299Z] [INFO] [24/50] call_24 — completed in 13s
[2026-08-28T15:39:27.305Z] [INFO] [25/50] call_25 (04a13b358adb4eff) — API request started
[2026-08-28T15:39:40.266Z] [INFO] [25/50] call_25 — completed in 13s
[2026-08-28T15:39:40.268Z] [INFO] [26/50] call_26 (056d09d7b63046e3) — API request started
[2026-08-28T15:39:54.103Z] [INFO] [26/50] call_26 — completed in 14s
[2026-08-28T15:39:54.104Z] [INFO] [27/50] call_27 (057d15ba6b9044d2) — API request started
[2026-08-28T15:40:05.862Z] [INFO] [27/50] call_27 — completed in 12s
[2026-08-28T15:40:05.863Z] [INFO] [28/50] call_28 (05b6534dc3294138) — API request started
[2026-08-28T15:40:22.696Z] [INFO] [28/50] call_28 — completed in 17s
[2026-08-28T15:40:22.697Z] [INFO] [29/50] call_29 (05c33cbd2c514f06) — API request started
[2026-08-28T15:40:35.860Z] [INFO] [29/50] call_29 — completed in 13s
[2026-08-28T15:40:35.861Z] [INFO] [30/50] call_30 (05c6e20d983b4804) — API request started
[2026-08-28T15:40:49.603Z] [INFO] [30/50] call_30 — completed in 14s
[2026-08-28T15:40:49.603Z] [INFO] [31/50] call_31 (05e4cfa661ed4215) — API request started
[2026-08-28T15:41:01.912Z] [INFO] [31/50] call_31 — completed in 12s
[2026-08-28T15:41:01.913Z] [INFO] [32/50] call_32 (063ea0f1abb143c1) — API request started
[2026-08-28T15:41:15.417Z] [INFO] [32/50] call_32 — completed in 14s
[2026-08-28T15:41:15.418Z] [INFO] [33/50] call_33 (0697acf83dc14c82) — API request started
[2026-08-28T15:41:33.682Z] [INFO] [33/50] call_33 — completed in 18s
[2026-08-28T15:41:33.682Z] [INFO] [34/50] call_34 (06a919ed8b2d47e4) — API request started
[2026-08-28T15:41:46.723Z] [INFO] [34/50] call_34 — completed in 13s
[2026-08-28T15:41:46.723Z] [INFO] [35/50] call_35 (06f5d96bd7e64511) — API request started
[2026-08-28T15:42:02.424Z] [INFO] [35/50] call_35 — completed in 16s
[2026-08-28T15:42:02.424Z] [INFO] [36/50] call_36 (06ff201c1fd84e1c) — API request started
[2026-08-28T15:42:15.704Z] [INFO] [36/50] call_36 — completed in 13s
[2026-08-28T15:42:15.706Z] [INFO] [37/50] call_37 (076cd53656c64dc5) — API request started
[2026-08-28T15:42:33.382Z] [INFO] [37/50] call_37 — completed in 18s
[2026-08-28T15:42:33.383Z] [INFO] [38/50] call_38 (07bbc8a7703d47e4) — API request started
[2026-08-28T15:42:49.138Z] [INFO] [38/50] call_38 — completed in 16s
[2026-08-28T15:42:49.139Z] [INFO] [39/50] call_39 (07bc6cf7f6154e96) — API request started
[2026-08-28T15:43:07.934Z] [INFO] [39/50] call_39 — completed in 19s
[2026-08-28T15:43:07.935Z] [INFO] [40/50] call_40 (07c275cd57b84685) — API request started
[2026-08-28T15:43:19.687Z] [INFO] [40/50] call_40 — completed in 12s
[2026-08-28T15:43:19.687Z] [INFO] [41/50] call_41 (07c661a60f194d1b) — API request started
[2026-08-28T15:43:30.986Z] [INFO] [41/50] call_41 — completed in 11s
[2026-08-28T15:43:30.987Z] [INFO] [42/50] call_42 (07dd22b700514bfd) — API request started
[2026-08-28T15:43:47.644Z] [INFO] [42/50] call_42 — completed in 17s
[2026-08-28T15:43:47.644Z] [INFO] [43/50] call_43 (07f1aea52b304074) — API request started
[2026-08-28T15:44:07.865Z] [INFO] [43/50] call_43 — completed in 20s
[2026-08-28T15:44:07.866Z] [INFO] [44/50] call_44 (084d8144809747cc) — API request started
[2026-08-28T15:44:28.771Z] [INFO] [44/50] call_44 — completed in 21s
[2026-08-28T15:44:28.772Z] [INFO] [45/50] call_45 (0851d5916008439f) — API request started
[2026-08-28T15:44:45.205Z] [INFO] [45/50] call_45 — completed in 16s
[2026-08-28T15:44:45.205Z] [INFO] [46/50] call_46 (08b6123117f54da7) — API request started
[2026-08-28T15:44:59.032Z] [INFO] [46/50] call_46 — completed in 14s
[2026-08-28T15:44:59.032Z] [INFO] [47/50] call_47 (08f12faa2b594aa6) — API request started
[2026-08-28T15:45:12.275Z] [INFO] [47/50] call_47 — completed in 13s
[2026-08-28T15:45:12.276Z] [INFO] [48/50] call_48 (08f360b3f3b844ef) — API request started
[2026-08-28T15:45:30.944Z] [INFO] [48/50] call_48 — completed in 19s
[2026-08-28T15:45:30.944Z] [INFO] [49/50] call_49 (09934a6b5cf34e49) — API request started
[2026-08-28T15:45:41.946Z] [INFO] [49/50] call_49 — completed in 11s
[2026-08-28T15:45:41.947Z] [INFO] [50/50] call_50 (099f482838ef469e) — API request started
[2026-08-28T15:46:01.431Z] [INFO] [50/50] call_50 — completed in 19s
[2026-08-28T15:46:01.431Z] [INFO] Batch finished successfully. Completed in selected range: 50/50.
[2026-08-28T15:46:34.823Z] [INFO] ========== Batch run started ==========
[2026-08-28T15:46:34.827Z] [INFO] Validating: /Users/sukesh/Documents/vrize/callradar-data/combined
[2026-08-28T15:46:34.855Z] [INFO] Validation passed: 50 call folder(s), call_51 through call_100
[2026-08-28T15:46:34.855Z] [INFO] Already completed in selected range: 0
[2026-08-28T15:46:34.855Z] [INFO] Pending in selected range: 50
[2026-08-28T15:46:34.856Z] [INFO] Processing in this run: 50
[2026-08-28T15:46:34.856Z] [INFO] API: http://127.0.0.1:8894/audio/transcribe
[2026-08-28T15:46:34.856Z] [INFO] [1/50] call_51 (09d8f80f1af940ba) — API request started
[2026-08-28T15:46:48.465Z] [INFO] [1/50] call_51 — completed in 14s
[2026-08-28T15:46:48.466Z] [INFO] [2/50] call_52 (09ef2d41db104414) — API request started
[2026-08-28T15:47:00.394Z] [INFO] [2/50] call_52 — completed in 12s
[2026-08-28T15:47:00.395Z] [INFO] [3/50] call_53 (09fc75fc02ea4b46) — API request started
[2026-08-28T15:47:17.206Z] [INFO] [3/50] call_53 — completed in 17s
[2026-08-28T15:47:17.206Z] [INFO] [4/50] call_54 (0a37e848a9c04e0c) — API request started
[2026-08-28T15:47:34.320Z] [INFO] [4/50] call_54 — completed in 17s
[2026-08-28T15:47:34.323Z] [INFO] [5/50] call_55 (0a6f57765f4641a2) — API request started
[2026-08-28T15:47:49.561Z] [INFO] [5/50] call_55 — completed in 15s
[2026-08-28T15:47:49.561Z] [INFO] [6/50] call_56 (0a70acb6ef0c4e89) — API request started
[2026-08-28T15:48:07.130Z] [INFO] [6/50] call_56 — completed in 18s
[2026-08-28T15:48:07.131Z] [INFO] [7/50] call_57 (0a76782d6ee84f73) — API request started
[2026-08-28T15:48:26.349Z] [INFO] [7/50] call_57 — completed in 19s
[2026-08-28T15:48:26.353Z] [INFO] [8/50] call_58 (0a9e9e9be6634e38) — API request started
[2026-08-28T15:48:39.283Z] [INFO] [8/50] call_58 — completed in 13s
[2026-08-28T15:48:39.284Z] [INFO] [9/50] call_59 (0ade4b6adcf941f0) — API request started
[2026-08-28T15:48:51.837Z] [INFO] [9/50] call_59 — completed in 13s
[2026-08-28T15:48:51.838Z] [INFO] [10/50] call_60 (0afb6248e8dc45e1) — API request started
[2026-08-28T15:49:06.151Z] [INFO] [10/50] call_60 — completed in 14s
[2026-08-28T15:49:06.152Z] [INFO] [11/50] call_61 (0b153339c9184252) — API request started
[2026-08-28T15:49:25.027Z] [INFO] [11/50] call_61 — completed in 19s
[2026-08-28T15:49:25.029Z] [INFO] [12/50] call_62 (0b41e7d162844d45) — API request started
[2026-08-28T15:49:40.404Z] [INFO] [12/50] call_62 — completed in 15s
[2026-08-28T15:49:40.404Z] [INFO] [13/50] call_63 (0b590e61350b4b53) — API request started
[2026-08-28T15:49:57.370Z] [INFO] [13/50] call_63 — completed in 17s
[2026-08-28T15:49:57.371Z] [INFO] [14/50] call_64 (0b5d3de182a04159) — API request started
[2026-08-28T15:50:11.451Z] [INFO] [14/50] call_64 — completed in 14s
[2026-08-28T15:50:11.452Z] [INFO] [15/50] call_65 (0b713578170540c2) — API request started
[2026-08-28T15:50:31.322Z] [INFO] [15/50] call_65 — completed in 20s
[2026-08-28T15:50:31.324Z] [INFO] [16/50] call_66 (0b9480707d274d2b) — API request started
[2026-08-28T15:50:52.516Z] [INFO] [16/50] call_66 — completed in 21s
[2026-08-28T15:50:52.517Z] [INFO] [17/50] call_67 (0bb871fd99d6437f) — API request started
[2026-08-28T15:51:08.332Z] [INFO] [17/50] call_67 — completed in 16s
[2026-08-28T15:51:08.333Z] [INFO] [18/50] call_68 (0bbbedb40f224e9a) — API request started
[2026-08-28T15:51:21.191Z] [INFO] [18/50] call_68 — completed in 13s
[2026-08-28T15:51:21.191Z] [INFO] [19/50] call_69 (0bc276cb4aa24507) — API request started
[2026-08-28T15:51:39.547Z] [INFO] [19/50] call_69 — completed in 18s
[2026-08-28T15:51:39.548Z] [INFO] [20/50] call_70 (0bf0d8398c574373) — API request started
[2026-08-28T15:51:56.683Z] [INFO] [20/50] call_70 — completed in 17s
[2026-08-28T15:51:56.684Z] [INFO] [21/50] call_71 (0bf2b746d42b4f84) — API request started
[2026-08-28T15:52:21.051Z] [INFO] [21/50] call_71 — completed in 24s
[2026-08-28T15:52:21.052Z] [INFO] [22/50] call_72 (0c4dc74de76c4b06) — API request started
[2026-08-28T15:52:38.452Z] [INFO] [22/50] call_72 — completed in 17s
[2026-08-28T15:52:38.454Z] [INFO] [23/50] call_73 (0c78f55cf0e3449f) — API request started
[2026-08-28T15:53:00.066Z] [INFO] [23/50] call_73 — completed in 22s
[2026-08-28T15:53:00.067Z] [INFO] [24/50] call_74 (0c7b8cd8a7374ffc) — API request started
[2026-08-28T15:53:10.350Z] [INFO] [24/50] call_74 — completed in 10s
[2026-08-28T15:53:10.351Z] [INFO] [25/50] call_75 (0c98468d8b914ea1) — API request started
[2026-08-28T15:53:25.661Z] [INFO] [25/50] call_75 — completed in 15s
[2026-08-28T15:53:25.663Z] [INFO] [26/50] call_76 (0cae8d624dc04b47) — API request started
[2026-08-28T15:53:38.869Z] [INFO] [26/50] call_76 — completed in 13s
[2026-08-28T15:53:38.870Z] [INFO] [27/50] call_77 (0ceef853f1264ddf) — API request started
[2026-08-28T15:53:56.584Z] [INFO] [27/50] call_77 — completed in 18s
[2026-08-28T15:53:56.585Z] [INFO] [28/50] call_78 (0cf9c220d9a341ed) — API request started
[2026-08-28T15:54:12.861Z] [INFO] [28/50] call_78 — completed in 16s
[2026-08-28T15:54:12.862Z] [INFO] [29/50] call_79 (0d48b37580c94ea6) — API request started
[2026-08-28T15:54:12.887Z] [INFO] [29/50] call_79 — completed in 0s
[2026-08-28T15:54:12.887Z] [INFO] [30/50] call_80 (0d7efd9a397e4e02) — API request started
[2026-08-28T15:54:12.904Z] [INFO] [30/50] call_80 — completed in 0s
[2026-08-28T15:54:12.904Z] [INFO] [31/50] call_81 (0de8d60b29d24dfd) — API request started
[2026-08-28T15:54:30.145Z] [INFO] [31/50] call_81 — completed in 17s
[2026-08-28T15:54:30.146Z] [INFO] [32/50] call_82 (0dee81761a5c45f9) — API request started
[2026-08-28T15:54:46.337Z] [INFO] [32/50] call_82 — completed in 16s
[2026-08-28T15:54:46.338Z] [INFO] [33/50] call_83 (0df17344420a41d5) — API request started
[2026-08-28T15:55:01.004Z] [INFO] [33/50] call_83 — completed in 15s
[2026-08-28T15:55:01.005Z] [INFO] [34/50] call_84 (0df279dab5a44e6c) — API request started
[2026-08-28T15:55:15.744Z] [INFO] [34/50] call_84 — completed in 15s
[2026-08-28T15:55:15.745Z] [INFO] [35/50] call_85 (0e2ad0dd8a6f4f83) — API request started
[2026-08-28T15:55:29.978Z] [INFO] [35/50] call_85 — completed in 14s
[2026-08-28T15:55:29.979Z] [INFO] [36/50] call_86 (0e68932d3f014bbf) — API request started
[2026-08-28T15:55:55.159Z] [INFO] [36/50] call_86 — completed in 25s
[2026-08-28T15:55:55.161Z] [INFO] [37/50] call_87 (0e8b236db74847ae) — API request started
[2026-08-28T15:56:10.408Z] [INFO] [37/50] call_87 — completed in 15s
[2026-08-28T15:56:10.409Z] [INFO] [38/50] call_88 (0ec40e7af4444ad5) — API request started
[2026-08-28T15:56:26.091Z] [INFO] [38/50] call_88 — completed in 16s
[2026-08-28T15:56:26.093Z] [INFO] [39/50] call_89 (0ec73a168f174a86) — API request started
[2026-08-28T15:56:47.805Z] [INFO] [39/50] call_89 — completed in 22s
[2026-08-28T15:56:47.807Z] [INFO] [40/50] call_90 (0ece8b36d4c148b0) — API request started
[2026-08-28T15:57:03.134Z] [INFO] [40/50] call_90 — completed in 15s
[2026-08-28T15:57:03.135Z] [INFO] [41/50] call_91 (0f17604f0b72402f) — API request started
[2026-08-28T15:57:15.839Z] [INFO] [41/50] call_91 — completed in 13s
[2026-08-28T15:57:15.840Z] [INFO] [42/50] call_92 (0f4747d1a97f4388) — API request started
[2026-08-28T15:57:37.225Z] [INFO] [42/50] call_92 — completed in 21s
[2026-08-28T15:57:37.225Z] [INFO] [43/50] call_93 (0f590c57de074605) — API request started
[2026-08-28T15:57:37.236Z] [INFO] [43/50] call_93 — completed in 0s
[2026-08-28T15:57:37.236Z] [INFO] [44/50] call_94 (0f65cbb7a9a34628) — API request started
[2026-08-28T15:57:56.743Z] [INFO] [44/50] call_94 — completed in 20s
[2026-08-28T15:57:56.744Z] [INFO] [45/50] call_95 (0f87dc392db84250) — API request started
[2026-08-28T15:58:13.703Z] [INFO] [45/50] call_95 — completed in 17s
[2026-08-28T15:58:13.704Z] [INFO] [46/50] call_96 (0f8c2e76e42f44ad) — API request started
[2026-08-28T15:58:32.762Z] [INFO] [46/50] call_96 — completed in 19s
[2026-08-28T15:58:32.762Z] [INFO] [47/50] call_97 (0f8e8b5f72bb4594) — API request started
[2026-08-28T15:58:47.061Z] [INFO] [47/50] call_97 — completed in 14s
[2026-08-28T15:58:47.063Z] [INFO] [48/50] call_98 (0f9b6b19a234407a) — API request started
[2026-08-28T15:59:05.451Z] [INFO] [48/50] call_98 — completed in 18s
[2026-08-28T15:59:05.452Z] [INFO] [49/50] call_99 (0feb6051d777432e) — API request started
[2026-08-28T15:59:24.026Z] [INFO] [49/50] call_99 — completed in 19s
[2026-08-28T15:59:24.027Z] [INFO] [50/50] call_100 (10161def7657450f) — API request started
[2026-08-28T15:59:38.205Z] [INFO] [50/50] call_100 — completed in 14s
[2026-08-28T15:59:38.206Z] [INFO] Batch finished successfully. Completed in selected range: 50/50.
[2026-08-28T16:00:01.561Z] [INFO] ========== Batch run started ==========
[2026-08-28T16:00:01.569Z] [INFO] Validating: /Users/sukesh/Documents/vrize/callradar-data/combined
[2026-08-28T16:00:01.644Z] [INFO] Validation passed: 100 call folder(s), call_101 through call_200
[2026-08-28T16:00:01.645Z] [INFO] Already completed in selected range: 0
[2026-08-28T16:00:01.645Z] [INFO] Pending in selected range: 100
[2026-08-28T16:00:01.645Z] [INFO] Processing in this run: 100
[2026-08-28T16:00:01.645Z] [INFO] API: http://127.0.0.1:8894/audio/transcribe
[2026-08-28T16:00:01.645Z] [INFO] [1/100] call_101 (1083c47e2f304790) — API request started
[2026-08-28T16:00:21.097Z] [INFO] [1/100] call_101 — completed in 19s
[2026-08-28T16:00:21.099Z] [INFO] [2/100] call_102 (10de650dd51e4799) — API request started
[2026-08-28T16:00:33.693Z] [INFO] [2/100] call_102 — completed in 13s
[2026-08-28T16:00:33.693Z] [INFO] [3/100] call_103 (111796e467334c1e) — API request started
[2026-08-28T16:00:46.592Z] [INFO] [3/100] call_103 — completed in 13s
[2026-08-28T16:00:46.592Z] [INFO] [4/100] call_104 (115e1cec78f04d1a) — API request started
[2026-08-28T16:01:00.101Z] [INFO] [4/100] call_104 — completed in 14s
[2026-08-28T16:01:00.102Z] [INFO] [5/100] call_105 (115f1fe702134526) — API request started
[2026-08-28T16:01:12.999Z] [INFO] [5/100] call_105 — completed in 13s
[2026-08-28T16:01:13.000Z] [INFO] [6/100] call_106 (115fbdc950404a3f) — API request started
[2026-08-28T16:01:26.217Z] [INFO] [6/100] call_106 — completed in 13s
[2026-08-28T16:01:26.218Z] [INFO] [7/100] call_107 (1169043e6d734d82) — API request started
[2026-08-28T16:01:40.546Z] [INFO] [7/100] call_107 — completed in 14s
[2026-08-28T16:01:40.547Z] [INFO] [8/100] call_108 (116ee04205bc4498) — API request started
[2026-08-28T16:01:58.208Z] [INFO] [8/100] call_108 — completed in 18s
[2026-08-28T16:01:58.209Z] [INFO] [9/100] call_109 (11b38e8874044684) — API request started
[2026-08-28T16:02:13.719Z] [INFO] [9/100] call_109 — completed in 16s
[2026-08-28T16:02:13.719Z] [INFO] [10/100] call_110 (11eab24f318741d6) — API request started
[2026-08-28T16:02:31.237Z] [INFO] [10/100] call_110 — completed in 18s
[2026-08-28T16:02:31.238Z] [INFO] [11/100] call_111 (1258ddf80f084499) — API request started
[2026-08-28T16:02:42.808Z] [INFO] [11/100] call_111 — completed in 12s
[2026-08-28T16:02:42.809Z] [INFO] [12/100] call_112 (125ddcccbef644aa) — API request started
[2026-08-28T16:02:55.307Z] [INFO] [12/100] call_112 — completed in 12s
[2026-08-28T16:02:55.308Z] [INFO] [13/100] call_113 (1292cf0c934f4ec5) — API request started
[2026-08-28T16:03:10.472Z] [INFO] [13/100] call_113 — completed in 15s
[2026-08-28T16:03:10.473Z] [INFO] [14/100] call_114 (12b4887e64914206) — API request started
[2026-08-28T16:03:24.129Z] [INFO] [14/100] call_114 — completed in 14s
[2026-08-28T16:03:24.130Z] [INFO] [15/100] call_115 (12baa37d76334951) — API request started
[2026-08-28T16:03:42.098Z] [INFO] [15/100] call_115 — completed in 18s
[2026-08-28T16:03:42.099Z] [INFO] [16/100] call_116 (1318c617f2ed4b1d) — API request started
[2026-08-28T16:03:56.034Z] [INFO] [16/100] call_116 — completed in 14s
[2026-08-28T16:03:56.035Z] [INFO] [17/100] call_117 (132b852595844d26) — API request started
[2026-08-28T16:04:09.035Z] [INFO] [17/100] call_117 — completed in 13s
[2026-08-28T16:04:09.035Z] [INFO] [18/100] call_118 (1372168c0f0441b2) — API request started
[2026-08-28T16:04:21.941Z] [INFO] [18/100] call_118 — completed in 13s
[2026-08-28T16:04:21.942Z] [INFO] [19/100] call_119 (138abf543c7248d1) — API request started
[2026-08-28T16:04:35.317Z] [INFO] [19/100] call_119 — completed in 13s
[2026-08-28T16:04:35.318Z] [INFO] [20/100] call_120 (1390fb930824489c) — API request started
[2026-08-28T16:04:48.343Z] [INFO] [20/100] call_120 — completed in 13s
[2026-08-28T16:04:48.344Z] [INFO] [21/100] call_121 (13a5c82136cb4fb0) — API request started
[2026-08-28T16:05:05.270Z] [INFO] [21/100] call_121 — completed in 17s
[2026-08-28T16:05:05.272Z] [INFO] [22/100] call_122 (13da422542824f04) — API request started
[2026-08-28T16:05:24.146Z] [INFO] [22/100] call_122 — completed in 19s
[2026-08-28T16:05:24.147Z] [INFO] [23/100] call_123 (141a91d6758747b7) — API request started
[2026-08-28T16:05:38.133Z] [INFO] [23/100] call_123 — completed in 14s
[2026-08-28T16:05:38.134Z] [INFO] [24/100] call_124 (143ac52cace341f6) — API request started
[2026-08-28T16:05:51.516Z] [INFO] [24/100] call_124 — completed in 13s
[2026-08-28T16:05:51.517Z] [INFO] [25/100] call_125 (14695d0dbd72469c) — API request started
[2026-08-28T16:06:05.409Z] [INFO] [25/100] call_125 — completed in 14s
[2026-08-28T16:06:05.410Z] [INFO] [26/100] call_126 (1487ae9d952b49de) — API request started
[2026-08-28T16:06:17.608Z] [INFO] [26/100] call_126 — completed in 12s
[2026-08-28T16:06:17.609Z] [INFO] [27/100] call_127 (14935ac6f51f4a33) — API request started
[2026-08-28T16:06:30.880Z] [INFO] [27/100] call_127 — completed in 13s
[2026-08-28T16:06:30.881Z] [INFO] [28/100] call_128 (14c8e9b8dfcb47b0) — API request started
[2026-08-28T16:06:42.160Z] [INFO] [28/100] call_128 — completed in 11s
[2026-08-28T16:06:42.161Z] [INFO] [29/100] call_129 (14ec9f4c914f4a38) — API request started
[2026-08-28T16:06:57.322Z] [INFO] [29/100] call_129 — completed in 15s
[2026-08-28T16:06:57.323Z] [INFO] [30/100] call_130 (151522e9f4704fa0) — API request started
[2026-08-28T16:07:08.709Z] [INFO] [30/100] call_130 — completed in 11s
[2026-08-28T16:07:08.711Z] [INFO] [31/100] call_131 (153ac012507e490e) — API request started
[2026-08-28T16:07:31.433Z] [INFO] [31/100] call_131 — completed in 23s
[2026-08-28T16:07:31.434Z] [INFO] [32/100] call_132 (154e9235ce244a2a) — API request started
[2026-08-28T16:07:43.933Z] [INFO] [32/100] call_132 — completed in 12s
[2026-08-28T16:07:43.934Z] [INFO] [33/100] call_133 (1551f1f837c346c8) — API request started
[2026-08-28T16:07:57.370Z] [INFO] [33/100] call_133 — completed in 13s
[2026-08-28T16:07:57.371Z] [INFO] [34/100] call_134 (1578578b6c134bb6) — API request started
[2026-08-28T16:08:10.793Z] [INFO] [34/100] call_134 — completed in 13s
[2026-08-28T16:08:10.794Z] [INFO] [35/100] call_135 (15a7f6dc09fc4665) — API request started
[2026-08-28T16:08:24.059Z] [INFO] [35/100] call_135 — completed in 13s
[2026-08-28T16:08:24.059Z] [INFO] [36/100] call_136 (15c21ca0ce024fbe) — API request started
[2026-08-28T16:08:39.785Z] [INFO] [36/100] call_136 — completed in 16s
[2026-08-28T16:08:39.786Z] [INFO] [37/100] call_137 (15fc3e787b204722) — API request started
[2026-08-28T16:09:00.233Z] [INFO] [37/100] call_137 — completed in 20s
[2026-08-28T16:09:00.234Z] [INFO] [38/100] call_138 (160200fdf7aa42c2) — API request started
[2026-08-28T16:09:12.563Z] [INFO] [38/100] call_138 — completed in 12s
[2026-08-28T16:09:12.564Z] [INFO] [39/100] call_139 (160aa921e1ea4d24) — API request started
[2026-08-28T16:09:26.833Z] [INFO] [39/100] call_139 — completed in 14s
[2026-08-28T16:09:26.835Z] [INFO] [40/100] call_140 (16319d899b0d4fec) — API request started
[2026-08-28T16:09:40.009Z] [INFO] [40/100] call_140 — completed in 13s
[2026-08-28T16:09:40.010Z] [INFO] [41/100] call_141 (16d255d6586f4220) — API request started
[2026-08-28T16:09:52.616Z] [INFO] [41/100] call_141 — completed in 13s
[2026-08-28T16:09:52.616Z] [INFO] [42/100] call_142 (16fa4dc5c741486e) — API request started
[2026-08-28T16:10:10.430Z] [INFO] [42/100] call_142 — completed in 18s
[2026-08-28T16:10:10.431Z] [INFO] [43/100] call_143 (170d9d298f254967) — API request started
[2026-08-28T16:10:26.583Z] [INFO] [43/100] call_143 — completed in 16s
[2026-08-28T16:10:26.583Z] [INFO] [44/100] call_144 (1732542a2c284287) — API request started
[2026-08-28T16:10:40.509Z] [INFO] [44/100] call_144 — completed in 14s
[2026-08-28T16:10:40.510Z] [INFO] [45/100] call_145 (17576fa00f014acb) — API request started
[2026-08-28T16:10:56.103Z] [INFO] [45/100] call_145 — completed in 16s
[2026-08-28T16:10:56.103Z] [INFO] [46/100] call_146 (175aa09053b7489f) — API request started
[2026-08-28T16:11:11.373Z] [INFO] [46/100] call_146 — completed in 15s
[2026-08-28T16:11:11.374Z] [INFO] [47/100] call_147 (17a8a91dc96b4c94) — API request started
[2026-08-28T16:11:28.437Z] [INFO] [47/100] call_147 — completed in 17s
[2026-08-28T16:11:28.439Z] [INFO] [48/100] call_148 (17d02c0c29594d76) — API request started
[2026-08-28T16:11:45.593Z] [INFO] [48/100] call_148 — completed in 17s
[2026-08-28T16:11:45.594Z] [INFO] [49/100] call_149 (1865d60e72fe4de2) — API request started
[2026-08-28T16:12:03.430Z] [INFO] [49/100] call_149 — completed in 18s
[2026-08-28T16:12:03.431Z] [INFO] [50/100] call_150 (18bcc675d39e4525) — API request started
[2026-08-28T16:12:16.981Z] [INFO] [50/100] call_150 — completed in 14s
[2026-08-28T16:12:16.982Z] [INFO] [51/100] call_151 (18f42b7f472c4587) — API request started
[2026-08-28T16:12:43.305Z] [INFO] [51/100] call_151 — completed in 26s
[2026-08-28T16:12:43.306Z] [INFO] [52/100] call_152 (196f42cab54d42a9) — API request started
[2026-08-28T16:13:01.808Z] [INFO] [52/100] call_152 — completed in 19s
[2026-08-28T16:13:01.809Z] [INFO] [53/100] call_153 (196f8bde51ef4618) — API request started
[2026-08-28T16:13:13.794Z] [INFO] [53/100] call_153 — completed in 12s
[2026-08-28T16:13:13.795Z] [INFO] [54/100] call_154 (197d78dce5ba4072) — API request started
[2026-08-28T16:13:25.572Z] [INFO] [54/100] call_154 — completed in 12s
[2026-08-28T16:13:25.574Z] [INFO] [55/100] call_155 (19a47aed4cb8441f) — API request started
[2026-08-28T16:13:38.951Z] [INFO] [55/100] call_155 — completed in 13s
[2026-08-28T16:13:38.952Z] [INFO] [56/100] call_156 (19b39815fa4e40e4) — API request started
[2026-08-28T16:13:54.618Z] [INFO] [56/100] call_156 — completed in 16s
[2026-08-28T16:13:54.620Z] [INFO] [57/100] call_157 (19cb67d69e5441c7) — API request started
[2026-08-28T16:14:20.064Z] [INFO] [57/100] call_157 — completed in 25s
[2026-08-28T16:14:20.065Z] [INFO] [58/100] call_158 (19daa1ccd21e46b7) — API request started
[2026-08-28T16:14:36.865Z] [INFO] [58/100] call_158 — completed in 17s
[2026-08-28T16:14:36.866Z] [INFO] [59/100] call_159 (1a1691098ae1400c) — API request started
[2026-08-28T16:14:50.161Z] [INFO] [59/100] call_159 — completed in 13s
[2026-08-28T16:14:50.162Z] [INFO] [60/100] call_160 (1aae0815c5674b3b) — API request started
[2026-08-28T16:15:10.318Z] [INFO] [60/100] call_160 — completed in 20s
[2026-08-28T16:15:10.319Z] [INFO] [61/100] call_161 (1ab5ddcc434d4997) — API request started
[2026-08-28T16:15:23.443Z] [INFO] [61/100] call_161 — completed in 13s
[2026-08-28T16:15:23.446Z] [INFO] [62/100] call_162 (1ab81ec4157a4a29) — API request started
[2026-08-28T16:15:38.808Z] [ERROR] [62/100] call_162 — API FAILED: HTTP 500: Kaggle transcription API failed: 502 <!DOCTYPE html>
<!--[if lt IE 7]> <html class="no-js ie6 oldie" lang="en-US"> <![endif]-->
<!--[if IE 7]>    <html class="no-js ie7 oldie" lang="en-US"> <![endif]-->
<!--[if IE 8]>    <html class="no-js ie8 oldie" lang="en-US"> <![endif]-->
<!--[if gt IE 8]><!--> <html class="no-js" lang="en-US"> <!--<![endif]-->
<head>

<title>trycloudflare.com | 502: Bad gateway</title>
<meta charset="UTF-8" />
<meta http-equiv="Content-Type" content="text/html; charset=UTF-8" />
<meta http-equiv="X-UA-Compatible" content="IE=Edge" />
<meta name="robots" content="noindex, nofollow" />
<meta name="viewport" content="width=device-width,initial-scale=1" />
<link rel="stylesheet" id="cf_styles-css" href="/cdn-cgi/styles/main.css" />
</head>
<body>
<div id="cf-wrapper">
    <div id="cf-error-details" class="p-0">
        <header class="mx-auto pt-10 lg:pt-6 lg:px-8 w-240 lg:w-full mb-8">
            <h1 class="inline-block sm:block sm:mb-2 font-light text-60 lg:text-4xl text-black-dark leading-tight mr-2">
                <span class="inline-block">Bad gateway</span>
                <span class="code-label">Error code 502</span>
            </h1>
            <div>
                Visit <a href="https://www.cloudflare.com/5xx-error-landing?utm_source=errorcode_502&utm_campaign=visitors-church-enzyme-coding.trycloudflare.com" target="_blank" rel="noopener noreferrer">cloudflare.com</a> for more information.
            </div>
            <div class="mt-3">2026-08-28 16:15:38 UTC</div>
        </header>
        <div class="my-8 bg-gradient-gray">
            <div class="w-240 lg:w-full mx-auto">
                <div class="clearfix md:px-8">
                    <div id="cf-browser-status" class=" relative w-1/3 md:w-full py-15 md:p-0 md:py-8 md:text-left md:border-solid md:border-0 md:border-b md:border-gray-400 overflow-hidden float-left md:float-none text-center">
  <div class="relative mb-10 md:m-0">
    
    <span class="cf-icon-browser block md:hidden h-20 bg-center bg-no-repeat"></span>
    <span class="cf-icon-ok w-12 h-12 absolute left-1/2 md:left-auto md:right-0 md:top-0 -ml-6 -bottom-4"></span>
    
  </div>
  <span class="md:block w-full truncate">You</span>
  <h3 class="md:inline-block mt-3 md:mt-0 text-2xl text-gray-600 font-light leading-1.3">
  
    Browser
  
  </h3>
  
  <span class="leading-1.3 text-2xl text-green-success">Working</span>
  
</div>
                    <div id="cf-cloudflare-status" class=" relative w-1/3 md:w-full py-15 md:p-0 md:py-8 md:text-left md:border-solid md:border-0 md:border-b md:border-gray-400 overflow-hidden float-left md:float-none text-center">
  <div class="relative mb-10 md:m-0">
    <a href="https://www.cloudflare.com/5xx-error-landing?utm_source=errorcode_502&#38;utm_campaign=visitors-church-enzyme-coding.trycloudflare.com" target="_blank" rel="noopener noreferrer">
    <span class="cf-icon-cloud block md:hidden h-20 bg-center bg-no-repeat"></span>
    <span class="cf-icon-ok w-12 h-12 absolute left-1/2 md:left-auto md:right-0 md:top-0 -ml-6 -bottom-4"></span>
    </a>
  </div>
  <span class="md:block w-full truncate">Chennai</span>
  <h3 class="md:inline-block mt-3 md:mt-0 text-2xl text-gray-600 font-light leading-1.3">
  <a href="https://www.cloudflare.com/5xx-error-landing?utm_source=errorcode_502&utm_campaign=visitors-church-enzyme-coding.trycloudflare.com" target="_blank" rel="noopener noreferrer">
    Cloudflare
  </a>
  </h3>
  
  <span class="leading-1.3 text-2xl text-green-success">Working</span>
  
</div>
                    <div id="cf-host-status" class="cf-error-source relative w-1/3 md:w-full py-15 md:p-0 md:py-8 md:text-left md:border-solid md:border-0 md:border-b md:border-gray-400 overflow-hidden float-left md:float-none text-center">
  <div class="relative mb-10 md:m-0">
    
    <span class="cf-icon-server block md:hidden h-20 bg-center bg-no-repeat"></span>
    <span class="cf-icon-error w-12 h-12 absolute left-1/2 md:left-auto md:right-0 md:top-0 -ml-6 -bottom-4"></span>
    
  </div>
  <span class="md:block w-full truncate">visitors-church-enzyme-coding.trycloudflare.com</span>
  <h3 class="md:inline-block mt-3 md:mt-0 text-2xl text-gray-600 font-light leading-1.3">
  
    Host
  
  </h3>
  
  <span class="leading-1.3 text-2xl text-red-error">Error</span>
  
</div>
                </div>
            </div>
        </div>

        <div class="w-240 lg:w-full mx-auto mb-8 lg:px-8">
            <div class="clearfix">
                <div class="w-1/2 md:w-full float-left pr-6 md:pb-10 md:pr-0 leading-relaxed">
                    <h2 class="text-3xl font-normal leading-1.3 mb-4">What happened?</h2>
                    <p>The web server reported a bad gateway error.</p>
                </div>
                <div class="w-1/2 md:w-full float-left leading-relaxed">
                    <h2 class="text-3xl font-normal leading-1.3 mb-4">What can I do?</h2>
                    <p class="mb-6">Please try again in a few minutes.</p>
                </div>
            </div>
        </div>

        <div class="cf-error-footer cf-wrapper w-240 lg:w-full py-10 sm:py-4 sm:px-8 mx-auto text-center sm:text-left border-solid border-0 border-t border-gray-300">
    <p class="text-13">
      <span class="cf-footer-item sm:block sm:mb-1">Cloudflare Ray ID: <strong class="font-semibold">a3249d6bcaec7fc2</strong></span>
      <span class="cf-footer-separator sm:hidden">&bull;</span>
      <span id="cf-footer-item-ip" class="cf-footer-item hidden sm:block sm:mb-1">
        Your IP:
        <button type="button" id="cf-footer-ip-reveal" class="cf-footer-ip-reveal-btn">Click to reveal</button>
        <span class="hidden" id="cf-footer-ip">2401:4900:88dc:9626:313d:77e2:7d53:96aa</span>
        <span class="cf-footer-separator sm:hidden">&bull;</span>
      </span>
      <span class="cf-footer-item sm:block sm:mb-1"><span>Performance &amp; security by</span> <a rel="noopener noreferrer" href="https://www.cloudflare.com/5xx-error-landing?utm_source=errorcode_502&#38;utm_campaign=visitors-church-enzyme-coding.trycloudflare.com" id="brand_link" target="_blank">Cloudflare</a></span>
      
    </p>
    <script>(function(){function d(){var b=a.getElementById("cf-footer-item-ip"),c=a.getElementById("cf-footer-ip-reveal");b&&"classList"in b&&(b.classList.remove("hidden"),c.addEventListener("click",function(){c.classList.add("hidden");a.getElementById("cf-footer-ip").classList.remove("hidden")}))}var a=document;document.addEventListener&&a.addEventListener("DOMContentLoaded",d)})();</script>
  </div><!-- /.error-footer -->

    </div>
</div>
</body>
</html>
[2026-08-28T16:15:38.808Z] [ERROR] Batch stopped on call_162. Completed in selected range: 61/100. No later calls were submitted.
[2026-08-28T17:23:41.217Z] [INFO] ========== Batch run started ==========
[2026-08-28T17:23:41.222Z] [INFO] Validating: /Users/sukesh/Documents/vrize/callradar-data/combined
[2026-08-28T17:23:41.246Z] [INFO] Validation passed: 40 call folder(s), call_161 through call_200
[2026-08-28T17:23:41.247Z] [INFO] Already completed in selected range: 1
[2026-08-28T17:23:41.247Z] [INFO] Pending in selected range: 39
[2026-08-28T17:23:41.247Z] [INFO] Processing in this run: 39
[2026-08-28T17:23:41.247Z] [INFO] API: http://127.0.0.1:8894/audio/transcribe
[2026-08-28T17:23:41.247Z] [INFO] [2/40] call_162 (1ab81ec4157a4a29) — API request started
[2026-08-28T17:23:56.628Z] [ERROR] [2/40] call_162 — API FAILED: HTTP 400: fetch failed
[2026-08-28T17:23:56.628Z] [ERROR] Batch stopped on call_162. Completed in selected range: 1/40. No later calls were submitted.
[2026-08-28T17:24:33.903Z] [INFO] ========== Batch run started ==========
[2026-08-28T17:24:33.908Z] [INFO] Validating: /Users/sukesh/Documents/vrize/callradar-data/combined
[2026-08-28T17:24:33.931Z] [INFO] Validation passed: 40 call folder(s), call_161 through call_200
[2026-08-28T17:24:33.932Z] [INFO] Already completed in selected range: 1
[2026-08-28T17:24:33.932Z] [INFO] Pending in selected range: 39
[2026-08-28T17:24:33.932Z] [INFO] Processing in this run: 39
[2026-08-28T17:24:33.932Z] [INFO] API: http://127.0.0.1:8894/audio/transcribe
[2026-08-28T17:24:33.932Z] [INFO] [2/40] call_162 (1ab81ec4157a4a29) — API request started
[2026-08-28T17:25:24.913Z] [INFO] [2/40] call_162 — completed in 51s
[2026-08-28T17:25:24.913Z] [INFO] [3/40] call_163 (1ad1284bc1cf4e33) — API request started
[2026-08-28T17:25:47.023Z] [INFO] [3/40] call_163 — completed in 22s
[2026-08-28T17:25:47.024Z] [INFO] [4/40] call_164 (1b54e6b1d25e45e5) — API request started
[2026-08-28T17:26:05.905Z] [INFO] [4/40] call_164 — completed in 19s
[2026-08-28T17:26:05.905Z] [INFO] [5/40] call_165 (1b5cab5af4764845) — API request started
[2026-08-28T17:26:22.240Z] [INFO] [5/40] call_165 — completed in 16s
[2026-08-28T17:26:22.240Z] [INFO] [6/40] call_166 (1b8d578a554c426a) — API request started
[2026-08-28T17:26:35.138Z] [INFO] [6/40] call_166 — completed in 13s
[2026-08-28T17:26:35.138Z] [INFO] [7/40] call_167 (1ba998d93a404df6) — API request started
[2026-08-28T17:26:44.452Z] [INFO] [7/40] call_167 — completed in 9s
[2026-08-28T17:26:44.452Z] [INFO] [8/40] call_168 (1bff41c3028e45c8) — API request started
[2026-08-28T17:27:02.689Z] [INFO] [8/40] call_168 — completed in 18s
[2026-08-28T17:27:02.690Z] [INFO] [9/40] call_169 (1c4c69c3dc3d470d) — API request started
[2026-08-28T17:27:17.127Z] [INFO] [9/40] call_169 — completed in 14s
[2026-08-28T17:27:17.127Z] [INFO] [10/40] call_170 (1c4e1b0407594bb9) — API request started
[2026-08-28T17:27:32.097Z] [INFO] [10/40] call_170 — completed in 15s
[2026-08-28T17:27:32.097Z] [INFO] [11/40] call_171 (1c62afe72a494f34) — API request started
[2026-08-28T17:27:47.112Z] [INFO] [11/40] call_171 — completed in 15s
[2026-08-28T17:27:47.113Z] [INFO] [12/40] call_172 (1c7d9e205d5344e5) — API request started
[2026-08-28T17:28:07.887Z] [INFO] [12/40] call_172 — completed in 21s
[2026-08-28T17:28:07.887Z] [INFO] [13/40] call_173 (1c9c4822cbcd4676) — API request started
[2026-08-28T17:28:20.724Z] [INFO] [13/40] call_173 — completed in 13s
[2026-08-28T17:28:20.724Z] [INFO] [14/40] call_174 (1d1ad6e932d44146) — API request started
[2026-08-28T17:28:34.828Z] [INFO] [14/40] call_174 — completed in 14s
[2026-08-28T17:28:34.829Z] [INFO] [15/40] call_175 (1d31f40348ab4e5a) — API request started
[2026-08-28T17:28:46.734Z] [INFO] [15/40] call_175 — completed in 12s
[2026-08-28T17:28:46.735Z] [INFO] [16/40] call_176 (1d412e405c724b25) — API request started
[2026-08-28T17:29:06.710Z] [INFO] [16/40] call_176 — completed in 20s
[2026-08-28T17:29:06.710Z] [INFO] [17/40] call_177 (1d4a688a2f514fd4) — API request started
[2026-08-28T17:29:22.688Z] [INFO] [17/40] call_177 — completed in 16s
[2026-08-28T17:29:22.688Z] [INFO] [18/40] call_178 (1d7820e0c2b74e3d) — API request started
[2026-08-28T17:29:39.783Z] [INFO] [18/40] call_178 — completed in 17s
[2026-08-28T17:29:39.783Z] [INFO] [19/40] call_179 (1d786543925e4c6a) — API request started
[2026-08-28T17:29:54.556Z] [INFO] [19/40] call_179 — completed in 15s
[2026-08-28T17:29:54.557Z] [INFO] [20/40] call_180 (1dcef09fb6374319) — API request started
[2026-08-28T17:35:23.053Z] [INFO] [20/40] call_180 — completed in 328s
[2026-08-28T17:35:23.054Z] [INFO] [21/40] call_181 (1e2252fb09214f48) — API request started
[2026-08-28T17:35:42.029Z] [INFO] [21/40] call_181 — completed in 19s
[2026-08-28T17:35:42.030Z] [INFO] [22/40] call_182 (1e47d21492244b04) — API request started
[2026-08-28T17:35:58.125Z] [INFO] [22/40] call_182 — completed in 16s
[2026-08-28T17:35:58.125Z] [INFO] [23/40] call_183 (1e5176a3c04742fa) — API request started
[2026-08-28T17:36:11.030Z] [INFO] [23/40] call_183 — completed in 13s
[2026-08-28T17:36:11.030Z] [INFO] [24/40] call_184 (1ef109d2f8424c01) — API request started
[2026-08-28T17:36:22.092Z] [INFO] [24/40] call_184 — completed in 11s
[2026-08-28T17:36:22.093Z] [INFO] [25/40] call_185 (1f51347aeabe4f39) — API request started
[2026-08-28T17:36:39.705Z] [INFO] [25/40] call_185 — completed in 18s
[2026-08-28T17:36:39.705Z] [INFO] [26/40] call_186 (1f7e8fcf454842ce) — API request started
[2026-08-28T17:36:52.698Z] [INFO] [26/40] call_186 — completed in 13s
[2026-08-28T17:36:52.698Z] [INFO] [27/40] call_187 (203e223cdf8c460d) — API request started
[2026-08-28T17:37:08.704Z] [INFO] [27/40] call_187 — completed in 16s
[2026-08-28T17:37:08.705Z] [INFO] [28/40] call_188 (2096689920354dcf) — API request started
[2026-08-28T17:37:25.918Z] [INFO] [28/40] call_188 — completed in 17s
[2026-08-28T17:37:25.919Z] [INFO] [29/40] call_189 (20c62bcac4e34009) — API request started
[2026-08-28T17:37:37.680Z] [INFO] [29/40] call_189 — completed in 12s
[2026-08-28T17:37:37.681Z] [INFO] [30/40] call_190 (211ed7b0c4534f16) — API request started
[2026-08-28T17:37:50.600Z] [INFO] [30/40] call_190 — completed in 13s
[2026-08-28T17:37:50.601Z] [INFO] [31/40] call_191 (2190bef43a034677) — API request started
[2026-08-28T17:38:00.647Z] [INFO] [31/40] call_191 — completed in 10s
[2026-08-28T17:38:00.648Z] [INFO] [32/40] call_192 (2204a853ecf144e4) — API request started
[2026-08-28T17:38:13.525Z] [INFO] [32/40] call_192 — completed in 13s
[2026-08-28T17:38:13.525Z] [INFO] [33/40] call_193 (22215f60c7b74534) — API request started
[2026-08-28T17:38:27.468Z] [INFO] [33/40] call_193 — completed in 14s
[2026-08-28T17:38:27.470Z] [INFO] [34/40] call_194 (223ca391c70d4e17) — API request started
[2026-08-28T17:38:39.829Z] [INFO] [34/40] call_194 — completed in 12s
[2026-08-28T17:38:39.829Z] [INFO] [35/40] call_195 (22b45adfc12b4c93) — API request started
[2026-08-28T17:38:53.980Z] [INFO] [35/40] call_195 — completed in 14s
[2026-08-28T17:38:53.980Z] [INFO] [36/40] call_196 (22bbed2fb6f14a78) — API request started
[2026-08-28T17:39:08.122Z] [INFO] [36/40] call_196 — completed in 14s
[2026-08-28T17:39:08.123Z] [INFO] [37/40] call_197 (22c518725f8c44ad) — API request started
[2026-08-28T17:39:20.604Z] [INFO] [37/40] call_197 — completed in 12s
[2026-08-28T17:39:20.605Z] [INFO] [38/40] call_198 (23897136ed8241e9) — API request started
[2026-08-28T17:39:37.713Z] [INFO] [38/40] call_198 — completed in 17s
[2026-08-28T17:39:37.714Z] [INFO] [39/40] call_199 (2396585acfd14e22) — API request started
[2026-08-28T17:39:50.892Z] [INFO] [39/40] call_199 — completed in 13s
[2026-08-28T17:39:50.892Z] [INFO] [40/40] call_200 (23b593b0a64c4c4d) — API request started
[2026-08-28T17:40:03.288Z] [INFO] [40/40] call_200 — completed in 12s
[2026-08-28T17:40:03.289Z] [INFO] Batch finished successfully. Completed in selected range: 40/40.
[2026-08-28T17:40:18.059Z] [INFO] ========== Batch run started ==========
[2026-08-28T17:40:18.064Z] [INFO] Validating: /Users/sukesh/Documents/vrize/callradar-data/combined
[2026-08-28T17:40:18.123Z] [INFO] Validation passed: 101 call folder(s), call_200 through call_300
[2026-08-28T17:40:18.124Z] [INFO] Already completed in selected range: 1
[2026-08-28T17:40:18.124Z] [INFO] Pending in selected range: 100
[2026-08-28T17:40:18.124Z] [INFO] Processing in this run: 100
[2026-08-28T17:40:18.124Z] [INFO] API: http://127.0.0.1:8894/audio/transcribe
[2026-08-28T17:40:18.125Z] [INFO] [2/101] call_201 (23bb524ec95a4515) — API request started
[2026-08-28T17:40:33.192Z] [INFO] [2/101] call_201 — completed in 15s
[2026-08-28T17:40:33.193Z] [INFO] [3/101] call_202 (23bd29bf2d174086) — API request started
[2026-08-28T17:40:46.300Z] [INFO] [3/101] call_202 — completed in 13s
[2026-08-28T17:40:46.301Z] [INFO] [4/101] call_203 (23e16eba949246a5) — API request started
[2026-08-28T17:40:58.143Z] [INFO] [4/101] call_203 — completed in 12s
[2026-08-28T17:40:58.145Z] [INFO] [5/101] call_204 (23fae82997bd462c) — API request started
[2026-08-28T17:41:11.522Z] [INFO] [5/101] call_204 — completed in 13s
[2026-08-28T17:41:11.523Z] [INFO] [6/101] call_205 (23faee2c12f047d4) — API request started
[2026-08-28T17:41:23.882Z] [INFO] [6/101] call_205 — completed in 12s
[2026-08-28T17:41:23.883Z] [INFO] [7/101] call_206 (240368ab6cb14c33) — API request started
[2026-08-28T17:41:44.639Z] [INFO] [7/101] call_206 — completed in 21s
[2026-08-28T17:41:44.640Z] [INFO] [8/101] call_207 (240a494de6e042d2) — API request started
[2026-08-28T17:42:01.031Z] [INFO] [8/101] call_207 — completed in 16s
[2026-08-28T17:42:01.032Z] [INFO] [9/101] call_208 (24503973fa1d4b65) — API request started
[2026-08-28T17:42:19.299Z] [INFO] [9/101] call_208 — completed in 18s
[2026-08-28T17:42:19.299Z] [INFO] [10/101] call_209 (2453651cded5405a) — API request started
[2026-08-28T17:42:29.242Z] [INFO] [10/101] call_209 — completed in 10s
[2026-08-28T17:42:29.242Z] [INFO] [11/101] call_210 (2492ad730b234ae1) — API request started
[2026-08-28T17:42:44.338Z] [INFO] [11/101] call_210 — completed in 15s
[2026-08-28T17:42:44.339Z] [INFO] [12/101] call_211 (24c26aab94a14e5b) — API request started
[2026-08-28T17:42:54.871Z] [INFO] [12/101] call_211 — completed in 11s
[2026-08-28T17:42:54.871Z] [INFO] [13/101] call_212 (24cbd6f212564eb0) — API request started
[2026-08-28T17:43:09.273Z] [INFO] [13/101] call_212 — completed in 14s
[2026-08-28T17:43:09.274Z] [INFO] [14/101] call_213 (24f738c0d4cd46ab) — API request started
[2026-08-28T17:43:23.297Z] [INFO] [14/101] call_213 — completed in 14s
[2026-08-28T17:43:23.298Z] [INFO] [15/101] call_214 (2562af8f75e94a87) — API request started
[2026-08-28T17:43:38.754Z] [INFO] [15/101] call_214 — completed in 15s
[2026-08-28T17:43:38.754Z] [INFO] [16/101] call_215 (262998bbb58c4aa4) — API request started
[2026-08-28T17:43:55.239Z] [INFO] [16/101] call_215 — completed in 16s
[2026-08-28T17:43:55.240Z] [INFO] [17/101] call_216 (272473f072d34a82) — API request started
[2026-08-28T17:44:08.191Z] [INFO] [17/101] call_216 — completed in 13s
[2026-08-28T17:44:08.192Z] [INFO] [18/101] call_217 (27a42bc82353468d) — API request started
[2026-08-28T17:44:23.508Z] [INFO] [18/101] call_217 — completed in 15s
[2026-08-28T17:44:23.509Z] [INFO] [19/101] call_218 (27cc7ee8a0404f9c) — API request started
[2026-08-28T17:44:37.834Z] [INFO] [19/101] call_218 — completed in 14s
[2026-08-28T17:44:37.835Z] [INFO] [20/101] call_219 (27cfd98fe39a4697) — API request started
[2026-08-28T17:44:52.122Z] [INFO] [20/101] call_219 — completed in 14s
[2026-08-28T17:44:52.123Z] [INFO] [21/101] call_220 (27ec17418acd45a4) — API request started
[2026-08-28T17:45:08.154Z] [INFO] [21/101] call_220 — completed in 16s
[2026-08-28T17:45:08.154Z] [INFO] [22/101] call_221 (27f54b2ac7c24052) — API request started
[2026-08-28T17:45:19.406Z] [INFO] [22/101] call_221 — completed in 11s
[2026-08-28T17:45:19.407Z] [INFO] [23/101] call_222 (285eb7b72e7945d9) — API request started
[2026-08-28T17:45:41.755Z] [INFO] [23/101] call_222 — completed in 22s
[2026-08-28T17:45:41.756Z] [INFO] [24/101] call_223 (287784d8eee24280) — API request started
[2026-08-28T17:45:56.662Z] [INFO] [24/101] call_223 — completed in 15s
[2026-08-28T17:45:56.663Z] [INFO] [25/101] call_224 (2894717a7cdd4c92) — API request started
[2026-08-28T17:46:11.728Z] [INFO] [25/101] call_224 — completed in 15s
[2026-08-28T17:46:11.729Z] [INFO] [26/101] call_225 (28a94fb9b04342c6) — API request started
[2026-08-28T17:46:24.403Z] [INFO] [26/101] call_225 — completed in 13s
[2026-08-28T17:46:24.404Z] [INFO] [27/101] call_226 (29309886cc764083) — API request started
[2026-08-28T17:46:34.456Z] [INFO] [27/101] call_226 — completed in 10s
[2026-08-28T17:46:34.457Z] [INFO] [28/101] call_227 (29684955ab8845a9) — API request started
[2026-08-28T17:46:47.381Z] [INFO] [28/101] call_227 — completed in 13s
[2026-08-28T17:46:47.383Z] [INFO] [29/101] call_228 (29734f4236b84d53) — API request started
[2026-08-28T17:46:57.977Z] [INFO] [29/101] call_228 — completed in 11s
[2026-08-28T17:46:57.978Z] [INFO] [30/101] call_229 (298caa495dd144c0) — API request started
[2026-08-28T17:47:13.173Z] [INFO] [30/101] call_229 — completed in 15s
[2026-08-28T17:47:13.174Z] [INFO] [31/101] call_230 (29a6b68f742847ae) — API request started
[2026-08-28T17:47:28.532Z] [INFO] [31/101] call_230 — completed in 15s
[2026-08-28T17:47:28.533Z] [INFO] [32/101] call_231 (29ab80445b204491) — API request started
[2026-08-28T17:47:39.509Z] [INFO] [32/101] call_231 — completed in 11s
[2026-08-28T17:47:39.510Z] [INFO] [33/101] call_232 (29ba9c5fd6294c7e) — API request started
[2026-08-28T17:47:51.303Z] [INFO] [33/101] call_232 — completed in 12s
[2026-08-28T17:47:51.303Z] [INFO] [34/101] call_233 (29bf392d9e9243e7) — API request started
[2026-08-28T17:48:02.847Z] [INFO] [34/101] call_233 — completed in 12s
[2026-08-28T17:48:02.847Z] [INFO] [35/101] call_234 (29cd0c6856ba42f6) — API request started
[2026-08-28T17:48:19.035Z] [INFO] [35/101] call_234 — completed in 16s
[2026-08-28T17:48:19.036Z] [INFO] [36/101] call_235 (29cf620fb7eb42bd) — API request started
[2026-08-28T17:48:31.768Z] [INFO] [36/101] call_235 — completed in 13s
[2026-08-28T17:48:31.769Z] [INFO] [37/101] call_236 (29cfc984729c4f4c) — API request started
[2026-08-28T17:48:53.821Z] [INFO] [37/101] call_236 — completed in 22s
[2026-08-28T17:48:53.822Z] [INFO] [38/101] call_237 (29e01cba1b694cbd) — API request started
[2026-08-28T17:49:12.529Z] [INFO] [38/101] call_237 — completed in 19s
[2026-08-28T17:49:12.530Z] [INFO] [39/101] call_238 (29e0a36fb0c6401e) — API request started
[2026-08-28T17:49:29.243Z] [INFO] [39/101] call_238 — completed in 17s
[2026-08-28T17:49:29.244Z] [INFO] [40/101] call_239 (2a01e3fdcbd44ef2) — API request started
[2026-08-28T17:49:46.520Z] [INFO] [40/101] call_239 — completed in 17s
[2026-08-28T17:49:46.521Z] [INFO] [41/101] call_240 (2a1c0b4c9ea74360) — API request started
[2026-08-28T17:50:07.374Z] [INFO] [41/101] call_240 — completed in 21s
[2026-08-28T17:50:07.375Z] [INFO] [42/101] call_241 (2a4cd03815db469a) — API request started
[2026-08-28T17:50:20.023Z] [INFO] [42/101] call_241 — completed in 13s
[2026-08-28T17:50:20.024Z] [INFO] [43/101] call_242 (2aae703685f440ac) — API request started
[2026-08-28T17:50:42.914Z] [INFO] [43/101] call_242 — completed in 23s
[2026-08-28T17:50:42.915Z] [INFO] [44/101] call_243 (2b46d150b30848e3) — API request started
[2026-08-28T17:50:57.127Z] [INFO] [44/101] call_243 — completed in 14s
[2026-08-28T17:50:57.128Z] [INFO] [45/101] call_244 (2ba41b093b424504) — API request started
[2026-08-28T17:51:16.155Z] [INFO] [45/101] call_244 — completed in 19s
[2026-08-28T17:51:16.157Z] [INFO] [46/101] call_245 (2bbc17c15ea24e27) — API request started
[2026-08-28T17:51:30.041Z] [INFO] [46/101] call_245 — completed in 14s
[2026-08-28T17:51:30.042Z] [INFO] [47/101] call_246 (2c07e5fdc0a94f35) — API request started
[2026-08-28T17:51:45.100Z] [INFO] [47/101] call_246 — completed in 15s
[2026-08-28T17:51:45.101Z] [INFO] [48/101] call_247 (2c874f6883ed4751) — API request started
[2026-08-28T17:51:58.073Z] [INFO] [48/101] call_247 — completed in 13s
[2026-08-28T17:51:58.074Z] [INFO] [49/101] call_248 (2cbd136306234a42) — API request started
[2026-08-28T17:52:08.511Z] [INFO] [49/101] call_248 — completed in 10s
[2026-08-28T17:52:08.512Z] [INFO] [50/101] call_249 (2d00d21544b24959) — API request started
[2026-08-28T17:52:19.493Z] [INFO] [50/101] call_249 — completed in 11s
[2026-08-28T17:52:19.493Z] [INFO] [51/101] call_250 (2d0c86f6a8c4450d) — API request started
[2026-08-28T17:52:34.392Z] [INFO] [51/101] call_250 — completed in 15s
[2026-08-28T17:52:34.393Z] [INFO] [52/101] call_251 (2d14ea3d234346bb) — API request started
[2026-08-28T17:52:47.997Z] [INFO] [52/101] call_251 — completed in 14s
[2026-08-28T17:52:47.998Z] [INFO] [53/101] call_252 (2d2664388ebc44f1) — API request started
[2026-08-28T17:53:01.467Z] [INFO] [53/101] call_252 — completed in 13s
[2026-08-28T17:53:01.468Z] [INFO] [54/101] call_253 (2d2838f1aa094814) — API request started
[2026-08-28T17:53:15.147Z] [INFO] [54/101] call_253 — completed in 14s
[2026-08-28T17:53:15.148Z] [INFO] [55/101] call_254 (2d38cec732474a87) — API request started
[2026-08-28T17:53:24.424Z] [ERROR] [55/101] call_254 — API FAILED: HTTP 500: Kaggle transcription API failed: 502 <!DOCTYPE html>
<!--[if lt IE 7]> <html class="no-js ie6 oldie" lang="en-US"> <![endif]-->
<!--[if IE 7]>    <html class="no-js ie7 oldie" lang="en-US"> <![endif]-->
<!--[if IE 8]>    <html class="no-js ie8 oldie" lang="en-US"> <![endif]-->
<!--[if gt IE 8]><!--> <html class="no-js" lang="en-US"> <!--<![endif]-->
<head>

<title>trycloudflare.com | 502: Bad gateway</title>
<meta charset="UTF-8" />
<meta http-equiv="Content-Type" content="text/html; charset=UTF-8" />
<meta http-equiv="X-UA-Compatible" content="IE=Edge" />
<meta name="robots" content="noindex, nofollow" />
<meta name="viewport" content="width=device-width,initial-scale=1" />
<link rel="stylesheet" id="cf_styles-css" href="/cdn-cgi/styles/main.css" />
</head>
<body>
<div id="cf-wrapper">
    <div id="cf-error-details" class="p-0">
        <header class="mx-auto pt-10 lg:pt-6 lg:px-8 w-240 lg:w-full mb-8">
            <h1 class="inline-block sm:block sm:mb-2 font-light text-60 lg:text-4xl text-black-dark leading-tight mr-2">
                <span class="inline-block">Bad gateway</span>
                <span class="code-label">Error code 502</span>
            </h1>
            <div>
                Visit <a href="https://www.cloudflare.com/5xx-error-landing?utm_source=errorcode_502&utm_campaign=dressing-raleigh-hart-infrastructure.trycloudflare.com" target="_blank" rel="noopener noreferrer">cloudflare.com</a> for more information.
            </div>
            <div class="mt-3">2026-08-28 17:53:24 UTC</div>
        </header>
        <div class="my-8 bg-gradient-gray">
            <div class="w-240 lg:w-full mx-auto">
                <div class="clearfix md:px-8">
                    <div id="cf-browser-status" class=" relative w-1/3 md:w-full py-15 md:p-0 md:py-8 md:text-left md:border-solid md:border-0 md:border-b md:border-gray-400 overflow-hidden float-left md:float-none text-center">
  <div class="relative mb-10 md:m-0">
    
    <span class="cf-icon-browser block md:hidden h-20 bg-center bg-no-repeat"></span>
    <span class="cf-icon-ok w-12 h-12 absolute left-1/2 md:left-auto md:right-0 md:top-0 -ml-6 -bottom-4"></span>
    
  </div>
  <span class="md:block w-full truncate">You</span>
  <h3 class="md:inline-block mt-3 md:mt-0 text-2xl text-gray-600 font-light leading-1.3">
  
    Browser
  
  </h3>
  
  <span class="leading-1.3 text-2xl text-green-success">Working</span>
  
</div>
                    <div id="cf-cloudflare-status" class=" relative w-1/3 md:w-full py-15 md:p-0 md:py-8 md:text-left md:border-solid md:border-0 md:border-b md:border-gray-400 overflow-hidden float-left md:float-none text-center">
  <div class="relative mb-10 md:m-0">
    <a href="https://www.cloudflare.com/5xx-error-landing?utm_source=errorcode_502&#38;utm_campaign=dressing-raleigh-hart-infrastructure.trycloudflare.com" target="_blank" rel="noopener noreferrer">
    <span class="cf-icon-cloud block md:hidden h-20 bg-center bg-no-repeat"></span>
    <span class="cf-icon-ok w-12 h-12 absolute left-1/2 md:left-auto md:right-0 md:top-0 -ml-6 -bottom-4"></span>
    </a>
  </div>
  <span class="md:block w-full truncate">Chennai</span>
  <h3 class="md:inline-block mt-3 md:mt-0 text-2xl text-gray-600 font-light leading-1.3">
  <a href="https://www.cloudflare.com/5xx-error-landing?utm_source=errorcode_502&utm_campaign=dressing-raleigh-hart-infrastructure.trycloudflare.com" target="_blank" rel="noopener noreferrer">
    Cloudflare
  </a>
  </h3>
  
  <span class="leading-1.3 text-2xl text-green-success">Working</span>
  
</div>
                    <div id="cf-host-status" class="cf-error-source relative w-1/3 md:w-full py-15 md:p-0 md:py-8 md:text-left md:border-solid md:border-0 md:border-b md:border-gray-400 overflow-hidden float-left md:float-none text-center">
  <div class="relative mb-10 md:m-0">
    
    <span class="cf-icon-server block md:hidden h-20 bg-center bg-no-repeat"></span>
    <span class="cf-icon-error w-12 h-12 absolute left-1/2 md:left-auto md:right-0 md:top-0 -ml-6 -bottom-4"></span>
    
  </div>
  <span class="md:block w-full truncate">dressing-raleigh-hart-infrastructure.trycloudflare.com</span>
  <h3 class="md:inline-block mt-3 md:mt-0 text-2xl text-gray-600 font-light leading-1.3">
  
    Host
  
  </h3>
  
  <span class="leading-1.3 text-2xl text-red-error">Error</span>
  
</div>
                </div>
            </div>
        </div>

        <div class="w-240 lg:w-full mx-auto mb-8 lg:px-8">
            <div class="clearfix">
                <div class="w-1/2 md:w-full float-left pr-6 md:pb-10 md:pr-0 leading-relaxed">
                    <h2 class="text-3xl font-normal leading-1.3 mb-4">What happened?</h2>
                    <p>The web server reported a bad gateway error.</p>
                </div>
                <div class="w-1/2 md:w-full float-left leading-relaxed">
                    <h2 class="text-3xl font-normal leading-1.3 mb-4">What can I do?</h2>
                    <p class="mb-6">Please try again in a few minutes.</p>
                </div>
            </div>
        </div>

        <div class="cf-error-footer cf-wrapper w-240 lg:w-full py-10 sm:py-4 sm:px-8 mx-auto text-center sm:text-left border-solid border-0 border-t border-gray-300">
    <p class="text-13">
      <span class="cf-footer-item sm:block sm:mb-1">Cloudflare Ray ID: <strong class="font-semibold">a3252cb76c538042</strong></span>
      <span class="cf-footer-separator sm:hidden">&bull;</span>
      <span id="cf-footer-item-ip" class="cf-footer-item hidden sm:block sm:mb-1">
        Your IP:
        <button type="button" id="cf-footer-ip-reveal" class="cf-footer-ip-reveal-btn">Click to reveal</button>
        <span class="hidden" id="cf-footer-ip">2401:4900:88dc:9626:313d:77e2:7d53:96aa</span>
        <span class="cf-footer-separator sm:hidden">&bull;</span>
      </span>
      <span class="cf-footer-item sm:block sm:mb-1"><span>Performance &amp; security by</span> <a rel="noopener noreferrer" href="https://www.cloudflare.com/5xx-error-landing?utm_source=errorcode_502&#38;utm_campaign=dressing-raleigh-hart-infrastructure.trycloudflare.com" id="brand_link" target="_blank">Cloudflare</a></span>
      
    </p>
    <script>(function(){function d(){var b=a.getElementById("cf-footer-item-ip"),c=a.getElementById("cf-footer-ip-reveal");b&&"classList"in b&&(b.classList.remove("hidden"),c.addEventListener("click",function(){c.classList.add("hidden");a.getElementById("cf-footer-ip").classList.remove("hidden")}))}var a=document;document.addEventListener&&a.addEventListener("DOMContentLoaded",d)})();</script>
  </div><!-- /.error-footer -->

    </div>
</div>
</body>
</html>
[2026-08-28T17:53:24.425Z] [ERROR] Batch stopped on call_254. Completed in selected range: 54/101. No later calls were submitted.
[2026-08-28T18:06:11.854Z] [INFO] ========== Batch run started ==========
[2026-08-28T18:06:11.858Z] [INFO] Validating: /Users/sukesh/Documents/vrize/callradar-data/combined
[2026-08-28T18:06:11.886Z] [INFO] Validation passed: 47 call folder(s), call_254 through call_300
[2026-08-28T18:06:11.887Z] [INFO] Already completed in selected range: 0
[2026-08-28T18:06:11.887Z] [INFO] Pending in selected range: 47
[2026-08-28T18:06:11.887Z] [INFO] Processing in this run: 47
[2026-08-28T18:06:11.887Z] [INFO] API: http://127.0.0.1:8894/audio/transcribe
[2026-08-28T18:06:11.887Z] [INFO] [1/47] call_254 (2d38cec732474a87) — API request started
[2026-08-28T18:06:58.748Z] [INFO] [1/47] call_254 — completed in 47s
[2026-08-28T18:06:58.748Z] [INFO] [2/47] call_255 (2d86046b76bf4678) — API request started
[2026-08-28T18:07:12.503Z] [INFO] [2/47] call_255 — completed in 14s
[2026-08-28T18:07:12.504Z] [INFO] [3/47] call_256 (2d9beb1894524d21) — API request started
[2026-08-28T18:07:26.149Z] [INFO] [3/47] call_256 — completed in 14s
[2026-08-28T18:07:26.150Z] [INFO] [4/47] call_257 (2dd58bb21c714a74) — API request started
[2026-08-28T18:07:40.812Z] [INFO] [4/47] call_257 — completed in 15s
[2026-08-28T18:07:40.813Z] [INFO] [5/47] call_258 (2e3cd4354cf64e6e) — API request started
[2026-08-28T18:07:51.658Z] [INFO] [5/47] call_258 — completed in 11s
[2026-08-28T18:07:51.658Z] [INFO] [6/47] call_259 (2e4e2c55e0fb4298) — API request started
[2026-08-28T18:08:09.107Z] [INFO] [6/47] call_259 — completed in 17s
[2026-08-28T18:08:09.107Z] [INFO] [7/47] call_260 (2e6fd1c2b31f46a4) — API request started
[2026-08-28T18:08:21.206Z] [INFO] [7/47] call_260 — completed in 12s
[2026-08-28T18:08:21.207Z] [INFO] [8/47] call_261 (2ee2ac9dcf6e4e8e) — API request started
[2026-08-28T18:08:48.306Z] [INFO] [8/47] call_261 — completed in 27s
[2026-08-28T18:08:48.307Z] [INFO] [9/47] call_262 (2f2baedad02f4ec5) — API request started
[2026-08-28T18:09:00.296Z] [INFO] [9/47] call_262 — completed in 12s
[2026-08-28T18:09:00.297Z] [INFO] [10/47] call_263 (2f3a96971eb7453f) — API request started
[2026-08-28T18:09:19.054Z] [INFO] [10/47] call_263 — completed in 19s
[2026-08-28T18:09:19.055Z] [INFO] [11/47] call_264 (2f46026d92c24e1f) — API request started
[2026-08-28T18:09:32.099Z] [INFO] [11/47] call_264 — completed in 13s
[2026-08-28T18:09:32.100Z] [INFO] [12/47] call_265 (2f6459fac11c4ad2) — API request started
[2026-08-28T18:09:48.060Z] [INFO] [12/47] call_265 — completed in 16s
[2026-08-28T18:09:48.060Z] [INFO] [13/47] call_266 (2fcbf25d28554296) — API request started
[2026-08-28T18:10:02.718Z] [INFO] [13/47] call_266 — completed in 15s
[2026-08-28T18:10:02.719Z] [INFO] [14/47] call_267 (2fdebeb989cb4ece) — API request started
[2026-08-28T18:10:15.185Z] [INFO] [14/47] call_267 — completed in 12s
[2026-08-28T18:10:15.186Z] [INFO] [15/47] call_268 (307f7c1c70f149ef) — API request started
[2026-08-28T18:10:29.654Z] [INFO] [15/47] call_268 — completed in 14s
[2026-08-28T18:10:29.656Z] [INFO] [16/47] call_269 (308778ce68e84541) — API request started
[2026-08-28T18:10:43.956Z] [INFO] [16/47] call_269 — completed in 14s
[2026-08-28T18:10:43.956Z] [INFO] [17/47] call_270 (309e018c05094386) — API request started
[2026-08-28T18:11:05.136Z] [INFO] [17/47] call_270 — completed in 21s
[2026-08-28T18:11:05.137Z] [INFO] [18/47] call_271 (309f1762b0a0495d) — API request started
[2026-08-28T18:11:21.532Z] [INFO] [18/47] call_271 — completed in 16s
[2026-08-28T18:11:21.533Z] [INFO] [19/47] call_272 (30fa4bafacd24a47) — API request started
[2026-08-28T18:11:32.965Z] [INFO] [19/47] call_272 — completed in 11s
[2026-08-28T18:11:32.966Z] [INFO] [20/47] call_273 (314af395d31241f2) — API request started
[2026-08-28T18:11:53.254Z] [INFO] [20/47] call_273 — completed in 20s
[2026-08-28T18:11:53.255Z] [INFO] [21/47] call_274 (3168780f092c46bf) — API request started
[2026-08-28T18:12:04.882Z] [INFO] [21/47] call_274 — completed in 12s
[2026-08-28T18:12:04.883Z] [INFO] [22/47] call_275 (3175d0f2f89b46df) — API request started
[2026-08-28T18:12:19.550Z] [INFO] [22/47] call_275 — completed in 15s
[2026-08-28T18:12:19.551Z] [INFO] [23/47] call_276 (3179db5585f64eba) — API request started
[2026-08-28T18:12:34.711Z] [INFO] [23/47] call_276 — completed in 15s
[2026-08-28T18:12:34.711Z] [INFO] [24/47] call_277 (317c158f88834ca5) — API request started
[2026-08-28T18:12:48.244Z] [INFO] [24/47] call_277 — completed in 14s
[2026-08-28T18:12:48.245Z] [INFO] [25/47] call_278 (31f7d3d1e99c4891) — API request started
[2026-08-28T18:13:05.947Z] [INFO] [25/47] call_278 — completed in 18s
[2026-08-28T18:13:05.948Z] [INFO] [26/47] call_279 (3200779259d544b5) — API request started
[2026-08-28T18:13:19.700Z] [INFO] [26/47] call_279 — completed in 14s
[2026-08-28T18:13:19.701Z] [INFO] [27/47] call_280 (321c01d96af8466d) — API request started
[2026-08-28T18:13:31.373Z] [INFO] [27/47] call_280 — completed in 12s
[2026-08-28T18:13:31.375Z] [INFO] [28/47] call_281 (322ce3baf2924c9a) — API request started
[2026-08-28T18:13:46.021Z] [INFO] [28/47] call_281 — completed in 15s
[2026-08-28T18:13:46.021Z] [INFO] [29/47] call_282 (32881dc5f4544462) — API request started
[2026-08-28T18:14:01.987Z] [INFO] [29/47] call_282 — completed in 16s
[2026-08-28T18:14:01.988Z] [INFO] [30/47] call_283 (329cd711eb884f2b) — API request started
[2026-08-28T18:14:27.346Z] [INFO] [30/47] call_283 — completed in 25s
[2026-08-28T18:14:27.347Z] [INFO] [31/47] call_284 (32b08482bee44c46) — API request started
[2026-08-28T18:14:43.733Z] [INFO] [31/47] call_284 — completed in 16s
[2026-08-28T18:14:43.733Z] [INFO] [32/47] call_285 (32b523844f724a92) — API request started
[2026-08-28T18:15:02.249Z] [INFO] [32/47] call_285 — completed in 19s
[2026-08-28T18:15:02.249Z] [INFO] [33/47] call_286 (334a6116f8da4981) — API request started
[2026-08-28T18:15:16.492Z] [INFO] [33/47] call_286 — completed in 14s
[2026-08-28T18:15:16.493Z] [INFO] [34/47] call_287 (337791eb84d345a8) — API request started
[2026-08-28T18:15:26.996Z] [INFO] [34/47] call_287 — completed in 10s
[2026-08-28T18:15:26.997Z] [INFO] [35/47] call_288 (33e00f807c604457) — API request started
[2026-08-28T18:15:41.332Z] [INFO] [35/47] call_288 — completed in 14s
[2026-08-28T18:15:41.332Z] [INFO] [36/47] call_289 (33ea98c31d364286) — API request started
[2026-08-28T18:15:56.012Z] [INFO] [36/47] call_289 — completed in 15s
[2026-08-28T18:15:56.012Z] [INFO] [37/47] call_290 (33f671c9064d4341) — API request started
[2026-08-28T18:16:07.502Z] [INFO] [37/47] call_290 — completed in 11s
[2026-08-28T18:16:07.503Z] [INFO] [38/47] call_291 (344b2fbe35f94965) — API request started
[2026-08-28T18:16:34.709Z] [INFO] [38/47] call_291 — completed in 27s
[2026-08-28T18:16:34.710Z] [INFO] [39/47] call_292 (34c511ba0d27412f) — API request started
[2026-08-28T18:16:49.239Z] [INFO] [39/47] call_292 — completed in 15s
[2026-08-28T18:16:49.240Z] [INFO] [40/47] call_293 (34d4ad8d33c04ca8) — API request started
[2026-08-28T18:17:05.126Z] [INFO] [40/47] call_293 — completed in 16s
[2026-08-28T18:17:05.127Z] [INFO] [41/47] call_294 (34f6bd28cf5d415d) — API request started
[2026-08-28T18:17:20.041Z] [INFO] [41/47] call_294 — completed in 15s
[2026-08-28T18:17:20.042Z] [INFO] [42/47] call_295 (3545843114114bae) — API request started
[2026-08-28T18:17:36.030Z] [INFO] [42/47] call_295 — completed in 16s
[2026-08-28T18:17:36.031Z] [INFO] [43/47] call_296 (355acbc138574648) — API request started
[2026-08-28T18:17:47.751Z] [INFO] [43/47] call_296 — completed in 12s
[2026-08-28T18:17:47.753Z] [INFO] [44/47] call_297 (3585385ed0c64326) — API request started
[2026-08-28T18:18:02.391Z] [INFO] [44/47] call_297 — completed in 15s
[2026-08-28T18:18:02.391Z] [INFO] [45/47] call_298 (35a56efa24d64876) — API request started
[2026-08-28T18:18:14.907Z] [INFO] [45/47] call_298 — completed in 13s
[2026-08-28T18:18:14.908Z] [INFO] [46/47] call_299 (35b66a208500409d) — API request started
[2026-08-28T18:18:31.594Z] [INFO] [46/47] call_299 — completed in 17s
[2026-08-28T18:18:31.594Z] [INFO] [47/47] call_300 (35b6bf658a15495e) — API request started
[2026-08-28T18:18:48.682Z] [INFO] [47/47] call_300 — completed in 17s
[2026-08-28T18:18:48.692Z] [INFO] Batch finished successfully. Completed in selected range: 47/47.
[2026-08-28T18:46:03.124Z] [INFO] ========== Batch run started ==========
[2026-08-28T18:46:03.135Z] [INFO] Validating: /Users/sukesh/Documents/vrize/callradar-data/combined
[2026-08-28T18:46:03.191Z] [INFO] Validation passed: 100 call folder(s), call_301 through call_400
[2026-08-28T18:46:03.192Z] [INFO] Already completed in selected range: 0
[2026-08-28T18:46:03.192Z] [INFO] Pending in selected range: 100
[2026-08-28T18:46:03.192Z] [INFO] Processing in this run: 100
[2026-08-28T18:46:03.192Z] [INFO] API: http://127.0.0.1:8894/audio/transcribe
[2026-08-28T18:46:03.192Z] [INFO] [1/100] call_301 (35c33339e51643ab) — API request started
[2026-08-28T18:46:20.427Z] [INFO] [1/100] call_301 — completed in 17s
[2026-08-28T18:46:20.428Z] [INFO] [2/100] call_302 (35ea404578034a65) — API request started
[2026-08-28T18:46:42.625Z] [INFO] [2/100] call_302 — completed in 22s
[2026-08-28T18:46:42.626Z] [INFO] [3/100] call_303 (35f156abfcd7429a) — API request started
[2026-08-28T18:46:54.509Z] [INFO] [3/100] call_303 — completed in 12s
[2026-08-28T18:46:54.510Z] [INFO] [4/100] call_304 (35f1f6051255441d) — API request started
[2026-08-28T18:47:24.934Z] [INFO] [4/100] call_304 — completed in 30s
[2026-08-28T18:47:24.935Z] [INFO] [5/100] call_305 (363eb9194ebf4669) — API request started
[2026-08-28T18:47:43.258Z] [INFO] [5/100] call_305 — completed in 18s
[2026-08-28T18:47:43.258Z] [INFO] [6/100] call_306 (366ae3b0dd9e4c3e) — API request started
[2026-08-28T18:48:12.346Z] [INFO] [6/100] call_306 — completed in 29s
[2026-08-28T18:48:12.346Z] [INFO] [7/100] call_307 (36701c0834b04611) — API request started
[2026-08-28T18:48:30.521Z] [INFO] [7/100] call_307 — completed in 18s
[2026-08-28T18:48:30.522Z] [INFO] [8/100] call_308 (367a25d33b014614) — API request started
[2026-08-28T18:48:52.862Z] [INFO] [8/100] call_308 — completed in 22s
[2026-08-28T18:48:52.864Z] [INFO] [9/100] call_309 (36b842038f934f43) — API request started
[2026-08-28T18:49:08.436Z] [INFO] [9/100] call_309 — completed in 16s
[2026-08-28T18:49:08.437Z] [INFO] [10/100] call_310 (36e839937131407b) — API request started
[2026-08-28T18:49:28.026Z] [INFO] [10/100] call_310 — completed in 20s
[2026-08-28T18:49:28.026Z] [INFO] [11/100] call_311 (36fc4c5016434a8d) — API request started
[2026-08-28T18:49:47.831Z] [INFO] [11/100] call_311 — completed in 20s
[2026-08-28T18:49:47.832Z] [INFO] [12/100] call_312 (370981f1f0254ebc) — API request started
[2026-08-28T18:50:10.350Z] [INFO] [12/100] call_312 — completed in 23s
[2026-08-28T18:50:10.352Z] [INFO] [13/100] call_313 (370ae63be7bb4df7) — API request started
[2026-08-28T18:50:24.935Z] [INFO] [13/100] call_313 — completed in 15s
[2026-08-28T18:50:24.936Z] [INFO] [14/100] call_314 (3715af35862a4e14) — API request started
[2026-08-28T18:50:38.693Z] [INFO] [14/100] call_314 — completed in 14s
[2026-08-28T18:50:38.694Z] [INFO] [15/100] call_315 (379549c403f44efc) — API request started
[2026-08-28T18:50:53.779Z] [INFO] [15/100] call_315 — completed in 15s
[2026-08-28T18:50:53.790Z] [INFO] [16/100] call_316 (37a7a35a1e244820) — API request started
[2026-08-28T18:51:07.866Z] [INFO] [16/100] call_316 — completed in 14s
[2026-08-28T18:51:07.867Z] [INFO] [17/100] call_317 (37ea1d51317543e4) — API request started
[2026-08-28T18:51:24.957Z] [INFO] [17/100] call_317 — completed in 17s
[2026-08-28T18:51:24.958Z] [INFO] [18/100] call_318 (388a82ca798f4360) — API request started
[2026-08-28T18:51:47.855Z] [INFO] [18/100] call_318 — completed in 23s
[2026-08-28T18:51:47.856Z] [INFO] [19/100] call_319 (390a53ca213f4e8d) — API request started
[2026-08-28T18:52:02.345Z] [INFO] [19/100] call_319 — completed in 14s
[2026-08-28T18:52:02.346Z] [INFO] [20/100] call_320 (394728176d714fef) — API request started
[2026-08-28T18:52:15.245Z] [INFO] [20/100] call_320 — completed in 13s
[2026-08-28T18:52:15.249Z] [INFO] [21/100] call_321 (394c74a340d64b56) — API request started
[2026-08-28T18:52:30.069Z] [INFO] [21/100] call_321 — completed in 15s
[2026-08-28T18:52:30.070Z] [INFO] [22/100] call_322 (394d665cad054ab2) — API request started
[2026-08-28T18:52:51.244Z] [INFO] [22/100] call_322 — completed in 21s
[2026-08-28T18:52:51.245Z] [INFO] [23/100] call_323 (3959c5743b8e4b74) — API request started
[2026-08-28T18:53:04.067Z] [INFO] [23/100] call_323 — completed in 13s
[2026-08-28T18:53:04.068Z] [INFO] [24/100] call_324 (39954d595c9c4e73) — API request started
[2026-08-28T18:53:22.378Z] [INFO] [24/100] call_324 — completed in 18s
[2026-08-28T18:53:22.379Z] [INFO] [25/100] call_325 (3a0816e7820f4547) — API request started
[2026-08-28T18:53:53.619Z] [INFO] [25/100] call_325 — completed in 31s
[2026-08-28T18:53:53.620Z] [INFO] [26/100] call_326 (3a20358e1bfc4a17) — API request started
[2026-08-28T18:54:09.482Z] [INFO] [26/100] call_326 — completed in 16s
[2026-08-28T18:54:09.482Z] [INFO] [27/100] call_327 (3a2e0de446644b06) — API request started
[2026-08-28T18:54:14.823Z] [ERROR] [27/100] call_327 — API FAILED: HTTP 500: Kaggle transcription API failed: 500 {"detail":"boolean index did not match indexed array along axis 0; size of axis is 0 but size of corresponding boolean axis is 1"}
[2026-08-28T18:54:14.823Z] [ERROR] Batch stopped on call_327. Completed in selected range: 26/100. No later calls were submitted.
[2026-08-29T06:18:43.188Z] [INFO] ========== Batch run started ==========
[2026-08-29T06:18:43.193Z] [INFO] Validating: /Users/sukesh/Documents/vrize/callradar-data/combined
[2026-08-29T06:18:43.258Z] [INFO] Validation passed: 174 call folder(s), call_327 through call_500
[2026-08-29T06:18:43.259Z] [INFO] Already completed in selected range: 0
[2026-08-29T06:18:43.259Z] [INFO] Pending in selected range: 174
[2026-08-29T06:18:43.259Z] [INFO] Processing in this run: 174
[2026-08-29T06:18:43.259Z] [INFO] API: http://127.0.0.1:8894/audio/transcribe
[2026-08-29T06:18:43.259Z] [INFO] [1/174] call_327 (3a2e0de446644b06) — API request started
[2026-08-29T06:18:47.770Z] [ERROR] [1/174] call_327 — API FAILED: HTTP 500: Kaggle transcription API failed: 500 {"detail":"boolean index did not match indexed array along axis 0; size of axis is 0 but size of corresponding boolean axis is 1"}
[2026-08-29T06:18:47.770Z] [ERROR] Batch stopped on call_327. Completed in selected range: 0/174. No later calls were submitted.
[2026-08-29T06:19:12.944Z] [INFO] ========== Batch run started ==========
[2026-08-29T06:19:12.949Z] [INFO] Validating: /Users/sukesh/Documents/vrize/callradar-data/combined
[2026-08-29T06:19:12.981Z] [INFO] Validation passed: 174 call folder(s), call_327 through call_500
[2026-08-29T06:19:12.982Z] [INFO] Already completed in selected range: 0
[2026-08-29T06:19:12.982Z] [INFO] Pending in selected range: 174
[2026-08-29T06:19:12.982Z] [INFO] Processing in this run: 174
[2026-08-29T06:19:12.982Z] [INFO] API: http://127.0.0.1:8894/audio/transcribe
[2026-08-29T06:19:12.982Z] [INFO] [1/174] call_327 (3a2e0de446644b06) — API request started
[2026-08-29T06:19:17.120Z] [ERROR] [1/174] call_327 — API FAILED: HTTP 500: Kaggle transcription API failed: 500 {"detail":"boolean index did not match indexed array along axis 0; size of axis is 0 but size of corresponding boolean axis is 1"}
[2026-08-29T06:19:17.121Z] [ERROR] Batch stopped on call_327. Completed in selected range: 0/174. No later calls were submitted.
[2026-08-29T06:19:42.792Z] [INFO] ========== Batch run started ==========
[2026-08-29T06:19:42.796Z] [INFO] Validating: /Users/sukesh/Documents/vrize/callradar-data/combined
[2026-08-29T06:19:42.843Z] [INFO] Validation passed: 173 call folder(s), call_328 through call_500
[2026-08-29T06:19:42.843Z] [INFO] Already completed in selected range: 0
[2026-08-29T06:19:42.844Z] [INFO] Pending in selected range: 173
[2026-08-29T06:19:42.844Z] [INFO] Processing in this run: 173
[2026-08-29T06:19:42.844Z] [INFO] API: http://127.0.0.1:8894/audio/transcribe
[2026-08-29T06:19:42.844Z] [INFO] [1/173] call_328 (3a3b4064afee4530) — API request started
[2026-08-29T06:20:20.484Z] [INFO] [1/173] call_328 — completed in 38s
[2026-08-29T06:20:20.484Z] [INFO] [2/173] call_329 (3a4b664c13bb4645) — API request started
[2026-08-29T06:20:32.325Z] [INFO] [2/173] call_329 — completed in 12s
[2026-08-29T06:20:32.326Z] [INFO] [3/173] call_330 (3a4cbdf8728d4075) — API request started
[2026-08-29T06:20:46.697Z] [INFO] [3/173] call_330 — completed in 14s
[2026-08-29T06:20:46.698Z] [INFO] [4/173] call_331 (3a905b13690a4923) — API request started
[2026-08-29T06:21:02.052Z] [INFO] [4/173] call_331 — completed in 15s
[2026-08-29T06:21:02.056Z] [INFO] [5/173] call_332 (3a996e0308a84578) — API request started
[2026-08-29T06:21:15.614Z] [INFO] [5/173] call_332 — completed in 14s
[2026-08-29T06:21:15.615Z] [INFO] [6/173] call_333 (3a9eea68f0a644c8) — API request started
[2026-08-29T06:21:36.617Z] [INFO] [6/173] call_333 — completed in 21s
[2026-08-29T06:21:36.618Z] [INFO] [7/173] call_334 (3b126c7153dc4367) — API request started
[2026-08-29T06:21:51.293Z] [INFO] [7/173] call_334 — completed in 15s
[2026-08-29T06:21:51.294Z] [INFO] [8/173] call_335 (3b15fb19858d45fd) — API request started
[2026-08-29T06:22:03.168Z] [INFO] [8/173] call_335 — completed in 12s
[2026-08-29T06:22:03.169Z] [INFO] [9/173] call_336 (3b29188b4b7246f9) — API request started
[2026-08-29T06:22:14.218Z] [INFO] [9/173] call_336 — completed in 11s
[2026-08-29T06:22:14.219Z] [INFO] [10/173] call_337 (3b30ab4c8f984514) — API request started
[2026-08-29T06:22:26.810Z] [INFO] [10/173] call_337 — completed in 13s
[2026-08-29T06:22:26.811Z] [INFO] [11/173] call_338 (3b3fd6ea9ed3475f) — API request started
[2026-08-29T06:22:42.820Z] [INFO] [11/173] call_338 — completed in 16s
[2026-08-29T06:22:42.820Z] [INFO] [12/173] call_339 (3b6cc203622d4ade) — API request started
[2026-08-29T06:23:00.107Z] [INFO] [12/173] call_339 — completed in 17s
[2026-08-29T06:23:00.109Z] [INFO] [13/173] call_340 (3b6deba29bf34d44) — API request started
[2026-08-29T06:23:21.818Z] [INFO] [13/173] call_340 — completed in 22s
[2026-08-29T06:23:21.819Z] [INFO] [14/173] call_341 (3bb5582020c24ae9) — API request started
[2026-08-29T06:23:37.990Z] [INFO] [14/173] call_341 — completed in 16s
[2026-08-29T06:23:37.991Z] [INFO] [15/173] call_342 (3be000b399e54c2e) — API request started
[2026-08-29T06:23:51.639Z] [INFO] [15/173] call_342 — completed in 14s
[2026-08-29T06:23:51.640Z] [INFO] [16/173] call_343 (3bf4070396224b43) — API request started
[2026-08-29T06:24:09.488Z] [INFO] [16/173] call_343 — completed in 18s
[2026-08-29T06:24:09.488Z] [INFO] [17/173] call_344 (3c1220d324254192) — API request started
[2026-08-29T06:24:37.194Z] [INFO] [17/173] call_344 — completed in 28s
[2026-08-29T06:24:37.197Z] [INFO] [18/173] call_345 (3c2099b952d749d3) — API request started
[2026-08-29T06:24:50.820Z] [INFO] [18/173] call_345 — completed in 14s
[2026-08-29T06:24:50.821Z] [INFO] [19/173] call_346 (3c4891900c3d4498) — API request started
[2026-08-29T06:25:05.652Z] [INFO] [19/173] call_346 — completed in 15s
[2026-08-29T06:25:05.653Z] [INFO] [20/173] call_347 (3caf2cf713fe4d72) — API request started
[2026-08-29T06:26:19.348Z] [ERROR] [20/173] call_347 — API FAILED: HTTP 400: fetch failed
[2026-08-29T06:26:19.348Z] [ERROR] Batch stopped on call_347. Completed in selected range: 19/173. No later calls were submitted.
[2026-08-29T06:39:24.667Z] [INFO] ========== Batch run started ==========
[2026-08-29T06:39:24.671Z] [INFO] Validating: /Users/sukesh/Documents/vrize/callradar-data/combined
[2026-08-29T06:39:24.732Z] [INFO] Validation passed: 153 call folder(s), call_348 through call_500
[2026-08-29T06:39:24.733Z] [INFO] Already completed in selected range: 0
[2026-08-29T06:39:24.733Z] [INFO] Pending in selected range: 153
[2026-08-29T06:39:24.733Z] [INFO] Processing in this run: 153
[2026-08-29T06:39:24.733Z] [INFO] API: http://127.0.0.1:8894/audio/transcribe
[2026-08-29T06:39:24.733Z] [INFO] [1/153] call_348 (3cf5cb84cab24fb5) — API request started
[2026-08-29T06:40:00.362Z] [INFO] [1/153] call_348 — completed in 36s
[2026-08-29T06:40:00.362Z] [INFO] [2/153] call_349 (3dd09677d26f441c) — API request started
[2026-08-29T06:40:11.026Z] [INFO] [2/153] call_349 — completed in 11s
[2026-08-29T06:40:11.027Z] [INFO] [3/153] call_350 (3e4c0fb0ace6434b) — API request started
[2026-08-29T06:40:25.970Z] [INFO] [3/153] call_350 — completed in 15s
[2026-08-29T06:40:25.970Z] [INFO] [4/153] call_351 (3e56291000464230) — API request started
[2026-08-29T06:40:47.270Z] [INFO] [4/153] call_351 — completed in 21s
[2026-08-29T06:40:47.271Z] [INFO] [5/153] call_352 (3e9a533d616246cb) — API request started
[2026-08-29T06:41:06.082Z] [INFO] [5/153] call_352 — completed in 19s
[2026-08-29T06:41:06.082Z] [INFO] [6/153] call_353 (3f31af7f7dd24f48) — API request started
[2026-08-29T06:41:20.744Z] [INFO] [6/153] call_353 — completed in 15s
[2026-08-29T06:41:20.744Z] [INFO] [7/153] call_354 (3f563f7138ec4788) — API request started
[2026-08-29T06:41:33.783Z] [INFO] [7/153] call_354 — completed in 13s
[2026-08-29T06:41:33.783Z] [INFO] [8/153] call_355 (3f73ad5fee5c46f2) — API request started
[2026-08-29T06:41:46.937Z] [INFO] [8/153] call_355 — completed in 13s
[2026-08-29T06:41:46.938Z] [INFO] [9/153] call_356 (3f95c2becef14f6a) — API request started
[2026-08-29T06:41:58.334Z] [INFO] [9/153] call_356 — completed in 11s
[2026-08-29T06:41:58.334Z] [INFO] [10/153] call_357 (3f99b3c0feb94a82) — API request started
[2026-08-29T06:42:10.567Z] [INFO] [10/153] call_357 — completed in 12s
[2026-08-29T06:42:10.567Z] [INFO] [11/153] call_358 (3fbefc0e3be346fe) — API request started
[2026-08-29T06:42:23.814Z] [INFO] [11/153] call_358 — completed in 13s
[2026-08-29T06:42:23.814Z] [INFO] [12/153] call_359 (3fd0685aa3494cf4) — API request started
[2026-08-29T06:42:38.237Z] [INFO] [12/153] call_359 — completed in 14s
[2026-08-29T06:42:38.237Z] [INFO] [13/153] call_360 (40071528d42f4a03) — API request started
[2026-08-29T06:42:52.810Z] [INFO] [13/153] call_360 — completed in 15s
[2026-08-29T06:42:52.811Z] [INFO] [14/153] call_361 (401312814b4e407c) — API request started
[2026-08-29T06:43:03.264Z] [INFO] [14/153] call_361 — completed in 10s
[2026-08-29T06:43:03.264Z] [INFO] [15/153] call_362 (403f3a341bb64a18) — API request started
[2026-08-29T06:43:18.648Z] [INFO] [15/153] call_362 — completed in 15s
[2026-08-29T06:43:18.649Z] [INFO] [16/153] call_363 (409fb9916ae8454b) — API request started
[2026-08-29T06:43:36.511Z] [INFO] [16/153] call_363 — completed in 18s
[2026-08-29T06:43:36.511Z] [INFO] [17/153] call_364 (40b72c84f31c4551) — API request started
[2026-08-29T06:43:49.836Z] [INFO] [17/153] call_364 — completed in 13s
[2026-08-29T06:43:49.836Z] [INFO] [18/153] call_365 (411127c6a6924257) — API request started
[2026-08-29T06:44:03.942Z] [INFO] [18/153] call_365 — completed in 14s
[2026-08-29T06:44:03.943Z] [INFO] [19/153] call_366 (4115f39b700b4f36) — API request started
[2026-08-29T06:44:15.792Z] [INFO] [19/153] call_366 — completed in 12s
[2026-08-29T06:44:15.792Z] [INFO] [20/153] call_367 (41632b1a7b364445) — API request started
[2026-08-29T06:44:28.092Z] [INFO] [20/153] call_367 — completed in 12s
[2026-08-29T06:44:28.093Z] [INFO] [21/153] call_368 (417d5b92db3e41b7) — API request started
[2026-08-29T06:44:47.490Z] [INFO] [21/153] call_368 — completed in 19s
[2026-08-29T06:44:47.490Z] [INFO] [22/153] call_369 (41afba1f47594c3d) — API request started
[2026-08-29T06:44:58.595Z] [INFO] [22/153] call_369 — completed in 11s
[2026-08-29T06:44:58.596Z] [INFO] [23/153] call_370 (41bb9764664a4347) — API request started
[2026-08-29T06:45:09.298Z] [INFO] [23/153] call_370 — completed in 11s
[2026-08-29T06:45:09.299Z] [INFO] [24/153] call_371 (41c1cfdee2ff4dfd) — API request started
[2026-08-29T06:45:20.489Z] [INFO] [24/153] call_371 — completed in 11s
[2026-08-29T06:45:20.489Z] [INFO] [25/153] call_372 (41f70aeff3094dc4) — API request started
[2026-08-29T06:45:35.924Z] [INFO] [25/153] call_372 — completed in 15s
[2026-08-29T06:45:35.925Z] [INFO] [26/153] call_373 (41fa3c4b56124027) — API request started
[2026-08-29T06:45:46.921Z] [INFO] [26/153] call_373 — completed in 11s
[2026-08-29T06:45:46.921Z] [INFO] [27/153] call_374 (4224f8bb133445e8) — API request started
[2026-08-29T06:46:02.023Z] [INFO] [27/153] call_374 — completed in 15s
[2026-08-29T06:46:02.023Z] [INFO] [28/153] call_375 (427526cfe9214754) — API request started
[2026-08-29T06:46:14.228Z] [INFO] [28/153] call_375 — completed in 12s
[2026-08-29T06:46:14.228Z] [INFO] [29/153] call_376 (42913f8e426a4ec2) — API request started
[2026-08-29T06:46:28.572Z] [INFO] [29/153] call_376 — completed in 14s
[2026-08-29T06:46:28.572Z] [INFO] [30/153] call_377 (429488b9c8934443) — API request started
[2026-08-29T06:46:44.703Z] [INFO] [30/153] call_377 — completed in 16s
[2026-08-29T06:46:44.704Z] [INFO] [31/153] call_378 (42c90e3299244cc4) — API request started
[2026-08-29T06:46:57.361Z] [INFO] [31/153] call_378 — completed in 13s
[2026-08-29T06:46:57.362Z] [INFO] [32/153] call_379 (4314a7322a3e4cb3) — API request started
[2026-08-29T06:47:12.036Z] [INFO] [32/153] call_379 — completed in 15s
[2026-08-29T06:47:12.037Z] [INFO] [33/153] call_380 (4341434d26154ba8) — API request started
[2026-08-29T06:47:29.368Z] [INFO] [33/153] call_380 — completed in 17s
[2026-08-29T06:47:29.368Z] [INFO] [34/153] call_381 (435de03629324f94) — API request started
[2026-08-29T06:47:39.990Z] [INFO] [34/153] call_381 — completed in 11s
[2026-08-29T06:47:39.991Z] [INFO] [35/153] call_382 (43636c8fcf2e40e1) — API request started
[2026-08-29T06:47:55.230Z] [INFO] [35/153] call_382 — completed in 15s
[2026-08-29T06:47:55.230Z] [INFO] [36/153] call_383 (43926f0584af403e) — API request started
[2026-08-29T06:48:07.994Z] [INFO] [36/153] call_383 — completed in 13s
[2026-08-29T06:48:07.996Z] [INFO] [37/153] call_384 (43dc3804df8a42a6) — API request started
[2026-08-29T06:48:23.019Z] [INFO] [37/153] call_384 — completed in 15s
[2026-08-29T06:48:23.020Z] [INFO] [38/153] call_385 (43f839eaa5c34c21) — API request started
[2026-08-29T06:48:36.217Z] [INFO] [38/153] call_385 — completed in 13s
[2026-08-29T06:48:36.218Z] [INFO] [39/153] call_386 (4413490f33f34e54) — API request started
[2026-08-29T06:48:50.050Z] [INFO] [39/153] call_386 — completed in 14s
[2026-08-29T06:48:50.050Z] [INFO] [40/153] call_387 (444c5a5c985a4154) — API request started
[2026-08-29T06:49:00.424Z] [INFO] [40/153] call_387 — completed in 10s
[2026-08-29T06:49:00.425Z] [INFO] [41/153] call_388 (456cb5e3069040bc) — API request started
[2026-08-29T06:49:12.367Z] [INFO] [41/153] call_388 — completed in 12s
[2026-08-29T06:49:12.368Z] [INFO] [42/153] call_389 (45c44863a57649df) — API request started
[2026-08-29T06:49:24.270Z] [INFO] [42/153] call_389 — completed in 12s
[2026-08-29T06:49:24.271Z] [INFO] [43/153] call_390 (45c7998bd5eb4101) — API request started
[2026-08-29T06:49:40.524Z] [INFO] [43/153] call_390 — completed in 16s
[2026-08-29T06:49:40.525Z] [INFO] [44/153] call_391 (45ddc07515084ea2) — API request started
[2026-08-29T06:49:51.069Z] [INFO] [44/153] call_391 — completed in 11s
[2026-08-29T06:49:51.070Z] [INFO] [45/153] call_392 (4640c702d4b3414d) — API request started
[2026-08-29T06:50:05.812Z] [INFO] [45/153] call_392 — completed in 15s
[2026-08-29T06:50:05.812Z] [INFO] [46/153] call_393 (4646e20b8c484433) — API request started
[2026-08-29T06:50:27.508Z] [INFO] [46/153] call_393 — completed in 22s
[2026-08-29T06:50:27.511Z] [INFO] [47/153] call_394 (4666a17da0614bf8) — API request started
[2026-08-29T06:50:41.401Z] [INFO] [47/153] call_394 — completed in 14s
[2026-08-29T06:50:41.401Z] [INFO] [48/153] call_395 (466b7f9ee32b438d) — API request started
[2026-08-29T06:50:53.228Z] [INFO] [48/153] call_395 — completed in 12s
[2026-08-29T06:50:53.228Z] [INFO] [49/153] call_396 (46a0e7ea29734957) — API request started
[2026-08-29T06:51:08.684Z] [INFO] [49/153] call_396 — completed in 15s
[2026-08-29T06:51:08.685Z] [INFO] [50/153] call_397 (46df1a2459ad4ab5) — API request started
[2026-08-29T06:51:23.835Z] [INFO] [50/153] call_397 — completed in 15s
[2026-08-29T06:51:23.835Z] [INFO] [51/153] call_398 (47099c1d2e1849b5) — API request started
[2026-08-29T06:51:38.034Z] [INFO] [51/153] call_398 — completed in 14s
[2026-08-29T06:51:38.034Z] [INFO] [52/153] call_399 (4736468478334726) — API request started
[2026-08-29T06:51:48.514Z] [INFO] [52/153] call_399 — completed in 10s
[2026-08-29T06:51:48.514Z] [INFO] [53/153] call_400 (476af17d621d4e9f) — API request started
[2026-08-29T06:52:03.261Z] [INFO] [53/153] call_400 — completed in 15s
[2026-08-29T06:52:03.261Z] [INFO] [54/153] call_401 (4775e0f0c7b2468e) — API request started
[2026-08-29T06:52:16.367Z] [INFO] [54/153] call_401 — completed in 13s
[2026-08-29T06:52:16.367Z] [INFO] [55/153] call_402 (478760f87f8a416f) — API request started
[2026-08-29T06:52:31.108Z] [INFO] [55/153] call_402 — completed in 15s
[2026-08-29T06:52:31.109Z] [INFO] [56/153] call_403 (478c1394617b49a9) — API request started
[2026-08-29T06:52:50.484Z] [INFO] [56/153] call_403 — completed in 19s
[2026-08-29T06:52:50.484Z] [INFO] [57/153] call_404 (47b9d17d7b6b4d28) — API request started
[2026-08-29T06:53:06.100Z] [INFO] [57/153] call_404 — completed in 16s
[2026-08-29T06:53:06.100Z] [INFO] [58/153] call_405 (47fa3b9c29124764) — API request started
[2026-08-29T06:53:18.524Z] [INFO] [58/153] call_405 — completed in 12s
[2026-08-29T06:53:18.524Z] [INFO] [59/153] call_406 (47fd8e5c3a36434d) — API request started
[2026-08-29T06:53:30.624Z] [INFO] [59/153] call_406 — completed in 12s
[2026-08-29T06:53:30.624Z] [INFO] [60/153] call_407 (47ff90ce51a94a92) — API request started
[2026-08-29T06:53:45.023Z] [INFO] [60/153] call_407 — completed in 14s
[2026-08-29T06:53:45.024Z] [INFO] [61/153] call_408 (4822ffb6a74b4927) — API request started
[2026-08-29T06:53:59.414Z] [INFO] [61/153] call_408 — completed in 14s
[2026-08-29T06:53:59.414Z] [INFO] [62/153] call_409 (48f4b8a098584bbb) — API request started
[2026-08-29T06:54:13.010Z] [INFO] [62/153] call_409 — completed in 14s
[2026-08-29T06:54:13.011Z] [INFO] [63/153] call_410 (499fe973983b49a1) — API request started
[2026-08-29T06:54:23.742Z] [INFO] [63/153] call_410 — completed in 11s
[2026-08-29T06:54:23.742Z] [INFO] [64/153] call_411 (49afef8ec24c4fff) — API request started
[2026-08-29T06:54:39.507Z] [INFO] [64/153] call_411 — completed in 16s
[2026-08-29T06:54:39.508Z] [INFO] [65/153] call_412 (49ffa376c5614273) — API request started
[2026-08-29T06:54:53.958Z] [INFO] [65/153] call_412 — completed in 14s
[2026-08-29T06:54:53.958Z] [INFO] [66/153] call_413 (4a27e167035344a1) — API request started
[2026-08-29T06:55:09.127Z] [INFO] [66/153] call_413 — completed in 15s
[2026-08-29T06:55:09.128Z] [INFO] [67/153] call_414 (4a355c4a638f4774) — API request started
[2026-08-29T06:55:21.507Z] [INFO] [67/153] call_414 — completed in 12s
[2026-08-29T06:55:21.508Z] [INFO] [68/153] call_415 (4a48dcd3b5f84e8f) — API request started
[2026-08-29T06:55:38.609Z] [INFO] [68/153] call_415 — completed in 17s
[2026-08-29T06:55:38.611Z] [INFO] [69/153] call_416 (4ae1933c69f64bd1) — API request started
[2026-08-29T06:55:52.342Z] [INFO] [69/153] call_416 — completed in 14s
[2026-08-29T06:55:52.343Z] [INFO] [70/153] call_417 (4b26d9062c204576) — API request started
[2026-08-29T06:56:05.944Z] [INFO] [70/153] call_417 — completed in 14s
[2026-08-29T06:56:05.944Z] [INFO] [71/153] call_418 (4b48ef41e8de488e) — API request started
[2026-08-29T06:56:17.824Z] [INFO] [71/153] call_418 — completed in 12s
[2026-08-29T06:56:17.824Z] [INFO] [72/153] call_419 (4b5ae8a5ba2e47aa) — API request started
[2026-08-29T06:56:29.500Z] [INFO] [72/153] call_419 — completed in 12s
[2026-08-29T06:56:29.501Z] [INFO] [73/153] call_420 (4b60ec7fef934c8e) — API request started
[2026-08-29T06:56:41.193Z] [INFO] [73/153] call_420 — completed in 12s
[2026-08-29T06:56:41.194Z] [INFO] [74/153] call_421 (4bb57b0d1a114b11) — API request started
[2026-08-29T06:56:57.130Z] [INFO] [74/153] call_421 — completed in 16s
[2026-08-29T06:56:57.131Z] [INFO] [75/153] call_422 (4bf90705f0044592) — API request started
[2026-08-29T06:57:10.360Z] [INFO] [75/153] call_422 — completed in 13s
[2026-08-29T06:57:10.360Z] [INFO] [76/153] call_423 (4c0ad06f41f04921) — API request started
[2026-08-29T06:57:23.220Z] [INFO] [76/153] call_423 — completed in 13s
[2026-08-29T06:57:23.221Z] [INFO] [77/153] call_424 (4c0c1840b1f047ac) — API request started
[2026-08-29T06:57:38.522Z] [INFO] [77/153] call_424 — completed in 15s
[2026-08-29T06:57:38.523Z] [INFO] [78/153] call_425 (4c1fd2f9cd6b42c6) — API request started
[2026-08-29T06:57:51.927Z] [INFO] [78/153] call_425 — completed in 13s
[2026-08-29T06:57:51.928Z] [INFO] [79/153] call_426 (4c5b2bd7af914753) — API request started
[2026-08-29T06:58:06.978Z] [INFO] [79/153] call_426 — completed in 15s
[2026-08-29T06:58:06.979Z] [INFO] [80/153] call_427 (4c5e2b0df2d3425f) — API request started
[2026-08-29T06:58:22.981Z] [INFO] [80/153] call_427 — completed in 16s
[2026-08-29T06:58:22.982Z] [INFO] [81/153] call_428 (4c76dea355d044f9) — API request started
[2026-08-29T06:58:36.289Z] [INFO] [81/153] call_428 — completed in 13s
[2026-08-29T06:58:36.289Z] [INFO] [82/153] call_429 (4c933b1fff9e4f57) — API request started
[2026-08-29T06:58:47.973Z] [INFO] [82/153] call_429 — completed in 12s
[2026-08-29T06:58:47.974Z] [INFO] [83/153] call_430 (4cbc15668b4a4787) — API request started
[2026-08-29T06:59:04.153Z] [INFO] [83/153] call_430 — completed in 16s
[2026-08-29T06:59:04.153Z] [INFO] [84/153] call_431 (4ce82d179d274398) — API request started
[2026-08-29T06:59:16.143Z] [INFO] [84/153] call_431 — completed in 12s
[2026-08-29T06:59:16.144Z] [INFO] [85/153] call_432 (4d2b7af61157479a) — API request started
[2026-08-29T06:59:29.754Z] [INFO] [85/153] call_432 — completed in 14s
[2026-08-29T06:59:29.755Z] [INFO] [86/153] call_433 (4d84fb73a51549db) — API request started
[2026-08-29T06:59:48.900Z] [INFO] [86/153] call_433 — completed in 19s
[2026-08-29T06:59:48.900Z] [INFO] [87/153] call_434 (4d8c0f65b1794117) — API request started
[2026-08-29T07:00:04.531Z] [INFO] [87/153] call_434 — completed in 16s
[2026-08-29T07:00:04.531Z] [INFO] [88/153] call_435 (4dbb9033cf4146bd) — API request started
[2026-08-29T07:00:15.960Z] [INFO] [88/153] call_435 — completed in 11s
[2026-08-29T07:00:15.961Z] [INFO] [89/153] call_436 (4dbbc63f92c045c3) — API request started
[2026-08-29T07:00:27.084Z] [INFO] [89/153] call_436 — completed in 11s
[2026-08-29T07:00:27.084Z] [INFO] [90/153] call_437 (4df8d8890b0c41e3) — API request started
[2026-08-29T07:00:39.535Z] [INFO] [90/153] call_437 — completed in 12s
[2026-08-29T07:00:39.536Z] [INFO] [91/153] call_438 (4e60ad71940b4caa) — API request started
[2026-08-29T07:00:51.461Z] [INFO] [91/153] call_438 — completed in 12s
[2026-08-29T07:00:51.461Z] [INFO] [92/153] call_439 (4f0742cb05f74fee) — API request started
[2026-08-29T07:01:06.855Z] [INFO] [92/153] call_439 — completed in 15s
[2026-08-29T07:01:06.855Z] [INFO] [93/153] call_440 (4f0acc4b464b4c36) — API request started
[2026-08-29T07:01:22.195Z] [INFO] [93/153] call_440 — completed in 15s
[2026-08-29T07:01:22.196Z] [INFO] [94/153] call_441 (4f179504534f4600) — API request started
[2026-08-29T07:01:34.465Z] [INFO] [94/153] call_441 — completed in 12s
[2026-08-29T07:01:34.465Z] [INFO] [95/153] call_442 (4f3c622d76a94e7d) — API request started
[2026-08-29T07:01:46.369Z] [INFO] [95/153] call_442 — completed in 12s
[2026-08-29T07:01:46.370Z] [INFO] [96/153] call_443 (50273d1bd0fc4983) — API request started
[2026-08-29T07:01:56.689Z] [INFO] [96/153] call_443 — completed in 10s
[2026-08-29T07:01:56.690Z] [INFO] [97/153] call_444 (5037d2918c7a4c16) — API request started
[2026-08-29T07:02:11.438Z] [INFO] [97/153] call_444 — completed in 15s
[2026-08-29T07:02:11.439Z] [INFO] [98/153] call_445 (504528a9558742ee) — API request started
[2026-08-29T07:02:32.946Z] [INFO] [98/153] call_445 — completed in 21s
[2026-08-29T07:02:32.946Z] [INFO] [99/153] call_446 (506cb86ff7794555) — API request started
[2026-08-29T07:02:44.198Z] [INFO] [99/153] call_446 — completed in 11s
[2026-08-29T07:02:44.199Z] [INFO] [100/153] call_447 (50872afa5a314d77) — API request started
[2026-08-29T07:02:57.050Z] [INFO] [100/153] call_447 — completed in 13s
[2026-08-29T07:02:57.051Z] [INFO] [101/153] call_448 (5088e1f1857042f5) — API request started
[2026-08-29T07:03:08.011Z] [INFO] [101/153] call_448 — completed in 11s
[2026-08-29T07:03:08.011Z] [INFO] [102/153] call_449 (50c94156ba314c05) — API request started
[2026-08-29T07:03:25.068Z] [INFO] [102/153] call_449 — completed in 17s
[2026-08-29T07:03:25.068Z] [INFO] [103/153] call_450 (50f57d300f104fa3) — API request started
[2026-08-29T07:03:38.599Z] [INFO] [103/153] call_450 — completed in 14s
[2026-08-29T07:03:38.599Z] [INFO] [104/153] call_451 (50f7539f34cf4866) — API request started
[2026-08-29T07:03:59.284Z] [INFO] [104/153] call_451 — completed in 21s
[2026-08-29T07:03:59.285Z] [INFO] [105/153] call_452 (51162418b50a4d4c) — API request started
[2026-08-29T07:04:12.775Z] [INFO] [105/153] call_452 — completed in 13s
[2026-08-29T07:04:12.775Z] [INFO] [106/153] call_453 (513ae451d439478d) — API request started
[2026-08-29T07:04:25.889Z] [INFO] [106/153] call_453 — completed in 13s
[2026-08-29T07:04:25.890Z] [INFO] [107/153] call_454 (51557866e8fa4bdb) — API request started
[2026-08-29T07:04:41.251Z] [INFO] [107/153] call_454 — completed in 15s
[2026-08-29T07:04:41.251Z] [INFO] [108/153] call_455 (516c951846414484) — API request started
[2026-08-29T07:04:57.532Z] [INFO] [108/153] call_455 — completed in 16s
[2026-08-29T07:04:57.532Z] [INFO] [109/153] call_456 (51aec7fcd6894d76) — API request started
[2026-08-29T07:05:10.752Z] [INFO] [109/153] call_456 — completed in 13s
[2026-08-29T07:05:10.752Z] [INFO] [110/153] call_457 (51c20c3d996a4614) — API request started
[2026-08-29T07:05:25.121Z] [INFO] [110/153] call_457 — completed in 14s
[2026-08-29T07:05:25.122Z] [INFO] [111/153] call_458 (51cb5e31125c4235) — API request started
[2026-08-29T07:05:37.796Z] [INFO] [111/153] call_458 — completed in 13s
[2026-08-29T07:05:37.797Z] [INFO] [112/153] call_459 (51e3332d0aa741b0) — API request started
[2026-08-29T07:05:52.114Z] [INFO] [112/153] call_459 — completed in 14s
[2026-08-29T07:05:52.115Z] [INFO] [113/153] call_460 (51e9579a227140a8) — API request started
[2026-08-29T07:06:03.461Z] [INFO] [113/153] call_460 — completed in 11s
[2026-08-29T07:06:03.461Z] [INFO] [114/153] call_461 (5207835cc21d47e7) — API request started
[2026-08-29T07:06:25.390Z] [INFO] [114/153] call_461 — completed in 22s
[2026-08-29T07:06:25.390Z] [INFO] [115/153] call_462 (522507a4750d4f5c) — API request started
[2026-08-29T07:06:39.923Z] [INFO] [115/153] call_462 — completed in 15s
[2026-08-29T07:06:39.923Z] [INFO] [116/153] call_463 (52d381bc6b0c468e) — API request started
[2026-08-29T07:06:50.793Z] [INFO] [116/153] call_463 — completed in 11s
[2026-08-29T07:06:50.793Z] [INFO] [117/153] call_464 (52d6f52ab444442a) — API request started
[2026-08-29T07:07:02.143Z] [INFO] [117/153] call_464 — completed in 11s
[2026-08-29T07:07:02.143Z] [INFO] [118/153] call_465 (5307a8cde04a4253) — API request started
[2026-08-29T07:07:18.623Z] [INFO] [118/153] call_465 — completed in 16s
[2026-08-29T07:07:18.624Z] [INFO] [119/153] call_466 (53087739bb1b4dbb) — API request started
[2026-08-29T07:07:30.296Z] [INFO] [119/153] call_466 — completed in 12s
[2026-08-29T07:07:30.296Z] [INFO] [120/153] call_467 (533aa9f57d9448e5) — API request started
[2026-08-29T07:07:46.151Z] [INFO] [120/153] call_467 — completed in 16s
[2026-08-29T07:07:46.155Z] [INFO] [121/153] call_468 (537d573bfadb4d07) — API request started
[2026-08-29T07:07:59.287Z] [INFO] [121/153] call_468 — completed in 13s
[2026-08-29T07:07:59.288Z] [INFO] [122/153] call_469 (539c9aabcd244c5d) — API request started
[2026-08-29T07:08:21.220Z] [INFO] [122/153] call_469 — completed in 22s
[2026-08-29T07:08:21.220Z] [INFO] [123/153] call_470 (53eb112081aa43e0) — API request started
[2026-08-29T07:08:32.042Z] [INFO] [123/153] call_470 — completed in 11s
[2026-08-29T07:08:32.043Z] [INFO] [124/153] call_471 (545e349988db42b6) — API request started
[2026-08-29T07:08:45.317Z] [INFO] [124/153] call_471 — completed in 13s
[2026-08-29T07:08:45.318Z] [INFO] [125/153] call_472 (546c4a0e70314c36) — API request started
[2026-08-29T07:09:00.029Z] [INFO] [125/153] call_472 — completed in 15s
[2026-08-29T07:09:00.030Z] [INFO] [126/153] call_473 (54ae81b4791d437f) — API request started
[2026-08-29T07:09:18.667Z] [INFO] [126/153] call_473 — completed in 19s
[2026-08-29T07:09:18.667Z] [INFO] [127/153] call_474 (54c5515662134ea7) — API request started
[2026-08-29T07:09:35.770Z] [INFO] [127/153] call_474 — completed in 17s
[2026-08-29T07:09:35.771Z] [INFO] [128/153] call_475 (5521961df2f54a34) — API request started
[2026-08-29T07:09:52.745Z] [INFO] [128/153] call_475 — completed in 17s
[2026-08-29T07:09:52.746Z] [INFO] [129/153] call_476 (55c41bf27118447c) — API request started
[2026-08-29T07:10:13.561Z] [INFO] [129/153] call_476 — completed in 21s
[2026-08-29T07:10:13.562Z] [INFO] [130/153] call_477 (55e20b0885344ff2) — API request started
[2026-08-29T07:10:25.720Z] [ERROR] [130/153] call_477 — API FAILED: HTTP 500: Kaggle transcription API failed: 502 <!DOCTYPE html>
<!--[if lt IE 7]> <html class="no-js ie6 oldie" lang="en-US"> <![endif]-->
<!--[if IE 7]>    <html class="no-js ie7 oldie" lang="en-US"> <![endif]-->
<!--[if IE 8]>    <html class="no-js ie8 oldie" lang="en-US"> <![endif]-->
<!--[if gt IE 8]><!--> <html class="no-js" lang="en-US"> <!--<![endif]-->
<head>

<title>trycloudflare.com | 502: Bad gateway</title>
<meta charset="UTF-8" />
<meta http-equiv="Content-Type" content="text/html; charset=UTF-8" />
<meta http-equiv="X-UA-Compatible" content="IE=Edge" />
<meta name="robots" content="noindex, nofollow" />
<meta name="viewport" content="width=device-width,initial-scale=1" />
<link rel="stylesheet" id="cf_styles-css" href="/cdn-cgi/styles/main.css" />
</head>
<body>
<div id="cf-wrapper">
    <div id="cf-error-details" class="p-0">
        <header class="mx-auto pt-10 lg:pt-6 lg:px-8 w-240 lg:w-full mb-8">
            <h1 class="inline-block sm:block sm:mb-2 font-light text-60 lg:text-4xl text-black-dark leading-tight mr-2">
                <span class="inline-block">Bad gateway</span>
                <span class="code-label">Error code 502</span>
            </h1>
            <div>
                Visit <a href="https://www.cloudflare.com/5xx-error-landing?utm_source=errorcode_502&utm_campaign=flame-ltd-grand-sized.trycloudflare.com" target="_blank" rel="noopener noreferrer">cloudflare.com</a> for more information.
            </div>
            <div class="mt-3">2026-08-29 07:10:25 UTC</div>
        </header>
        <div class="my-8 bg-gradient-gray">
            <div class="w-240 lg:w-full mx-auto">
                <div class="clearfix md:px-8">
                    <div id="cf-browser-status" class=" relative w-1/3 md:w-full py-15 md:p-0 md:py-8 md:text-left md:border-solid md:border-0 md:border-b md:border-gray-400 overflow-hidden float-left md:float-none text-center">
  <div class="relative mb-10 md:m-0">
    
    <span class="cf-icon-browser block md:hidden h-20 bg-center bg-no-repeat"></span>
    <span class="cf-icon-ok w-12 h-12 absolute left-1/2 md:left-auto md:right-0 md:top-0 -ml-6 -bottom-4"></span>
    
  </div>
  <span class="md:block w-full truncate">You</span>
  <h3 class="md:inline-block mt-3 md:mt-0 text-2xl text-gray-600 font-light leading-1.3">
  
    Browser
  
  </h3>
  
  <span class="leading-1.3 text-2xl text-green-success">Working</span>
  
</div>
                    <div id="cf-cloudflare-status" class=" relative w-1/3 md:w-full py-15 md:p-0 md:py-8 md:text-left md:border-solid md:border-0 md:border-b md:border-gray-400 overflow-hidden float-left md:float-none text-center">
  <div class="relative mb-10 md:m-0">
    <a href="https://www.cloudflare.com/5xx-error-landing?utm_source=errorcode_502&#38;utm_campaign=flame-ltd-grand-sized.trycloudflare.com" target="_blank" rel="noopener noreferrer">
    <span class="cf-icon-cloud block md:hidden h-20 bg-center bg-no-repeat"></span>
    <span class="cf-icon-ok w-12 h-12 absolute left-1/2 md:left-auto md:right-0 md:top-0 -ml-6 -bottom-4"></span>
    </a>
  </div>
  <span class="md:block w-full truncate">Chennai</span>
  <h3 class="md:inline-block mt-3 md:mt-0 text-2xl text-gray-600 font-light leading-1.3">
  <a href="https://www.cloudflare.com/5xx-error-landing?utm_source=errorcode_502&utm_campaign=flame-ltd-grand-sized.trycloudflare.com" target="_blank" rel="noopener noreferrer">
    Cloudflare
  </a>
  </h3>
  
  <span class="leading-1.3 text-2xl text-green-success">Working</span>
  
</div>
                    <div id="cf-host-status" class="cf-error-source relative w-1/3 md:w-full py-15 md:p-0 md:py-8 md:text-left md:border-solid md:border-0 md:border-b md:border-gray-400 overflow-hidden float-left md:float-none text-center">
  <div class="relative mb-10 md:m-0">
    
    <span class="cf-icon-server block md:hidden h-20 bg-center bg-no-repeat"></span>
    <span class="cf-icon-error w-12 h-12 absolute left-1/2 md:left-auto md:right-0 md:top-0 -ml-6 -bottom-4"></span>
    
  </div>
  <span class="md:block w-full truncate">flame-ltd-grand-sized.trycloudflare.com</span>
  <h3 class="md:inline-block mt-3 md:mt-0 text-2xl text-gray-600 font-light leading-1.3">
  
    Host
  
  </h3>
  
  <span class="leading-1.3 text-2xl text-red-error">Error</span>
  
</div>
                </div>
            </div>
        </div>

        <div class="w-240 lg:w-full mx-auto mb-8 lg:px-8">
            <div class="clearfix">
                <div class="w-1/2 md:w-full float-left pr-6 md:pb-10 md:pr-0 leading-relaxed">
                    <h2 class="text-3xl font-normal leading-1.3 mb-4">What happened?</h2>
                    <p>The web server reported a bad gateway error.</p>
                </div>
                <div class="w-1/2 md:w-full float-left leading-relaxed">
                    <h2 class="text-3xl font-normal leading-1.3 mb-4">What can I do?</h2>
                    <p class="mb-6">Please try again in a few minutes.</p>
                </div>
            </div>
        </div>

        <div class="cf-error-footer cf-wrapper w-240 lg:w-full py-10 sm:py-4 sm:px-8 mx-auto text-center sm:text-left border-solid border-0 border-t border-gray-300">
    <p class="text-13">
      <span class="cf-footer-item sm:block sm:mb-1">Cloudflare Ray ID: <strong class="font-semibold">a329bc2a2ec52224</strong></span>
      <span class="cf-footer-separator sm:hidden">&bull;</span>
      <span id="cf-footer-item-ip" class="cf-footer-item hidden sm:block sm:mb-1">
        Your IP:
        <button type="button" id="cf-footer-ip-reveal" class="cf-footer-ip-reveal-btn">Click to reveal</button>
        <span class="hidden" id="cf-footer-ip">2401:4900:88dc:9626:f1d7:bc4c:5a1e:54fd</span>
        <span class="cf-footer-separator sm:hidden">&bull;</span>
      </span>
      <span class="cf-footer-item sm:block sm:mb-1"><span>Performance &amp; security by</span> <a rel="noopener noreferrer" href="https://www.cloudflare.com/5xx-error-landing?utm_source=errorcode_502&#38;utm_campaign=flame-ltd-grand-sized.trycloudflare.com" id="brand_link" target="_blank">Cloudflare</a></span>
      
    </p>
    <script>(function(){function d(){var b=a.getElementById("cf-footer-item-ip"),c=a.getElementById("cf-footer-ip-reveal");b&&"classList"in b&&(b.classList.remove("hidden"),c.addEventListener("click",function(){c.classList.add("hidden");a.getElementById("cf-footer-ip").classList.remove("hidden")}))}var a=document;document.addEventListener&&a.addEventListener("DOMContentLoaded",d)})();</script>
  </div><!-- /.error-footer -->

    </div>
</div>
</body>
</html>
[2026-08-29T07:10:25.721Z] [ERROR] Batch stopped on call_477. Completed in selected range: 129/153. No later calls were submitted.
[2026-08-29T07:17:28.164Z] [INFO] ========== Batch run started ==========
[2026-08-29T07:17:28.170Z] [INFO] Validating: /Users/sukesh/Documents/vrize/callradar-data/combined
[2026-08-29T07:17:28.232Z] [INFO] Validation passed: 153 call folder(s), call_348 through call_500
[2026-08-29T07:17:28.233Z] [INFO] Already completed in selected range: 129
[2026-08-29T07:17:28.233Z] [INFO] Pending in selected range: 24
[2026-08-29T07:17:28.233Z] [INFO] Processing in this run: 24
[2026-08-29T07:17:28.233Z] [INFO] API: http://127.0.0.1:8894/audio/transcribe
[2026-08-29T07:17:28.233Z] [INFO] [130/153] call_477 (55e20b0885344ff2) — API request started
[2026-08-29T07:17:28.239Z] [ERROR] [130/153] call_477 — API FAILED: connect ECONNREFUSED 127.0.0.1:8894
[2026-08-29T07:17:28.239Z] [ERROR] Batch stopped on call_477. Completed in selected range: 129/153. No later calls were submitted.
[2026-08-29T07:18:04.003Z] [INFO] ========== Batch run started ==========
[2026-08-29T07:18:04.007Z] [INFO] Validating: /Users/sukesh/Documents/vrize/callradar-data/combined
[2026-08-29T07:18:04.020Z] [INFO] Validation passed: 24 call folder(s), call_477 through call_500
[2026-08-29T07:18:04.021Z] [INFO] Already completed in selected range: 0
[2026-08-29T07:18:04.021Z] [INFO] Pending in selected range: 24
[2026-08-29T07:18:04.021Z] [INFO] Processing in this run: 24
[2026-08-29T07:18:04.021Z] [INFO] API: http://127.0.0.1:8894/audio/transcribe
[2026-08-29T07:18:04.021Z] [INFO] [1/24] call_477 (55e20b0885344ff2) — API request started
[2026-08-29T07:18:45.366Z] [INFO] [1/24] call_477 — completed in 41s
[2026-08-29T07:18:45.367Z] [INFO] [2/24] call_478 (5614cbe304874883) — API request started
[2026-08-29T07:18:57.674Z] [INFO] [2/24] call_478 — completed in 12s
[2026-08-29T07:18:57.674Z] [INFO] [3/24] call_479 (56424d4dd65c4e58) — API request started
[2026-08-29T07:19:13.119Z] [INFO] [3/24] call_479 — completed in 15s
[2026-08-29T07:19:13.119Z] [INFO] [4/24] call_480 (5651477ceab2448b) — API request started
[2026-08-29T07:19:29.194Z] [INFO] [4/24] call_480 — completed in 16s
[2026-08-29T07:19:29.195Z] [INFO] [5/24] call_481 (569b666e02404078) — API request started
[2026-08-29T07:19:44.243Z] [INFO] [5/24] call_481 — completed in 15s
[2026-08-29T07:19:44.244Z] [INFO] [6/24] call_482 (56a03af85a1a48f3) — API request started
[2026-08-29T07:19:57.578Z] [INFO] [6/24] call_482 — completed in 13s
[2026-08-29T07:19:57.578Z] [INFO] [7/24] call_483 (56b06611cd5c4acb) — API request started
[2026-08-29T07:20:10.347Z] [INFO] [7/24] call_483 — completed in 13s
[2026-08-29T07:20:10.348Z] [INFO] [8/24] call_484 (56bc10d0d9f74834) — API request started
[2026-08-29T07:20:21.195Z] [INFO] [8/24] call_484 — completed in 11s
[2026-08-29T07:20:21.195Z] [INFO] [9/24] call_485 (5718f70f22d6431c) — API request started
[2026-08-29T07:20:40.252Z] [INFO] [9/24] call_485 — completed in 19s
[2026-08-29T07:20:40.253Z] [INFO] [10/24] call_486 (573b5f9b081c4c6e) — API request started
[2026-08-29T07:20:58.943Z] [INFO] [10/24] call_486 — completed in 19s
[2026-08-29T07:20:58.944Z] [INFO] [11/24] call_487 (575933c0cfbd41f6) — API request started
[2026-08-29T07:21:11.278Z] [INFO] [11/24] call_487 — completed in 12s
[2026-08-29T07:21:11.279Z] [INFO] [12/24] call_488 (575fe084353740a0) — API request started
[2026-08-29T07:21:22.945Z] [INFO] [12/24] call_488 — completed in 12s
[2026-08-29T07:21:22.945Z] [INFO] [13/24] call_489 (5789b1eabc284dad) — API request started
[2026-08-29T07:21:44.562Z] [INFO] [13/24] call_489 — completed in 22s
[2026-08-29T07:21:44.562Z] [INFO] [14/24] call_490 (57a158e96af14562) — API request started
[2026-08-29T07:21:57.877Z] [INFO] [14/24] call_490 — completed in 13s
[2026-08-29T07:21:57.878Z] [INFO] [15/24] call_491 (57fa3575c7d44c67) — API request started
[2026-08-29T07:22:14.628Z] [INFO] [15/24] call_491 — completed in 17s
[2026-08-29T07:22:14.628Z] [INFO] [16/24] call_492 (57fd086178b0442a) — API request started
[2026-08-29T07:22:32.806Z] [INFO] [16/24] call_492 — completed in 18s
[2026-08-29T07:22:32.806Z] [INFO] [17/24] call_493 (58029fa10fc34453) — API request started
[2026-08-29T07:22:49.781Z] [INFO] [17/24] call_493 — completed in 17s
[2026-08-29T07:22:49.783Z] [INFO] [18/24] call_494 (58254b0508784e77) — API request started
[2026-08-29T07:23:05.575Z] [INFO] [18/24] call_494 — completed in 16s
[2026-08-29T07:23:05.576Z] [INFO] [19/24] call_495 (58323ff7493443cc) — API request started
[2026-08-29T07:23:19.538Z] [INFO] [19/24] call_495 — completed in 14s
[2026-08-29T07:23:19.538Z] [INFO] [20/24] call_496 (585bdad4b9334eae) — API request started
[2026-08-29T07:23:34.531Z] [INFO] [20/24] call_496 — completed in 15s
[2026-08-29T07:23:34.531Z] [INFO] [21/24] call_497 (58b5be29985848e9) — API request started
[2026-08-29T07:23:52.255Z] [INFO] [21/24] call_497 — completed in 18s
[2026-08-29T07:23:52.256Z] [INFO] [22/24] call_498 (58d83f2332394f7e) — API request started
[2026-08-29T07:24:08.312Z] [INFO] [22/24] call_498 — completed in 16s
[2026-08-29T07:24:08.313Z] [INFO] [23/24] call_499 (591835dcfcb44ee1) — API request started
[2026-08-29T07:24:22.362Z] [INFO] [23/24] call_499 — completed in 14s
[2026-08-29T07:24:22.362Z] [INFO] [24/24] call_500 (59274058503646d0) — API request started
[2026-08-29T07:24:36.076Z] [INFO] [24/24] call_500 — completed in 14s
[2026-08-29T07:24:36.077Z] [INFO] Batch finished successfully. Completed in selected range: 24/24.
[2026-08-29T07:29:21.366Z] [INFO] ========== Batch run started ==========
[2026-08-29T07:29:21.371Z] [INFO] Validating: /Users/sukesh/Documents/vrize/callradar-data/combined
[2026-08-29T07:29:21.542Z] [INFO] Validation passed: 500 call folder(s), call_501 through call_1000
[2026-08-29T07:29:21.543Z] [INFO] Already completed in selected range: 0
[2026-08-29T07:29:21.544Z] [INFO] Pending in selected range: 500
[2026-08-29T07:29:21.544Z] [INFO] Processing in this run: 500
[2026-08-29T07:29:21.544Z] [INFO] API: http://127.0.0.1:8894/audio/transcribe
[2026-08-29T07:29:21.544Z] [INFO] [1/500] call_501 (595cfde882594ac4) — API request started
[2026-08-29T07:29:43.790Z] [INFO] [1/500] call_501 — completed in 22s
[2026-08-29T07:29:43.792Z] [INFO] [2/500] call_502 (59a8fcb538f847b9) — API request started
[2026-08-29T07:29:58.266Z] [INFO] [2/500] call_502 — completed in 14s
[2026-08-29T07:29:58.266Z] [INFO] [3/500] call_503 (5a048064aaa64a44) — API request started
[2026-08-29T07:30:12.809Z] [INFO] [3/500] call_503 — completed in 15s
[2026-08-29T07:30:12.809Z] [INFO] [4/500] call_504 (5a218b619caf4f0b) — API request started
[2026-08-29T07:30:28.088Z] [INFO] [4/500] call_504 — completed in 15s
[2026-08-29T07:30:28.089Z] [INFO] [5/500] call_505 (5a3f406be6cb4f7c) — API request started
[2026-08-29T07:30:41.090Z] [INFO] [5/500] call_505 — completed in 13s
[2026-08-29T07:30:41.091Z] [INFO] [6/500] call_506 (5a6af9b2d57a4c21) — API request started
[2026-08-29T07:30:54.063Z] [INFO] [6/500] call_506 — completed in 13s
[2026-08-29T07:30:54.063Z] [INFO] [7/500] call_507 (5a9fc1bf9bea4d02) — API request started
[2026-08-29T07:31:06.061Z] [INFO] [7/500] call_507 — completed in 12s
[2026-08-29T07:31:06.061Z] [INFO] [8/500] call_508 (5afd340e0fb4499b) — API request started
[2026-08-29T07:31:17.102Z] [INFO] [8/500] call_508 — completed in 11s
[2026-08-29T07:31:17.102Z] [INFO] [9/500] call_509 (5b0bb13785824a9a) — API request started
[2026-08-29T07:31:32.797Z] [INFO] [9/500] call_509 — completed in 16s
[2026-08-29T07:31:32.798Z] [INFO] [10/500] call_510 (5b6ab56c69d64302) — API request started
[2026-08-29T07:31:46.499Z] [INFO] [10/500] call_510 — completed in 14s
[2026-08-29T07:31:46.499Z] [INFO] [11/500] call_511 (5c102312175e4084) — API request started
[2026-08-29T07:32:07.587Z] [INFO] [11/500] call_511 — completed in 21s
[2026-08-29T07:32:07.587Z] [INFO] [12/500] call_512 (5c1d9f2e72974bdd) — API request started
[2026-08-29T07:32:22.615Z] [INFO] [12/500] call_512 — completed in 15s
[2026-08-29T07:32:22.615Z] [INFO] [13/500] call_513 (5c1ddbe388ef4306) — API request started
[2026-08-29T07:32:38.955Z] [INFO] [13/500] call_513 — completed in 16s
[2026-08-29T07:32:38.956Z] [INFO] [14/500] call_514 (5c6eb5eccc5d43e2) — API request started
[2026-08-29T07:32:49.795Z] [INFO] [14/500] call_514 — completed in 11s
[2026-08-29T07:32:49.795Z] [INFO] [15/500] call_515 (5c761521b3004564) — API request started
[2026-08-29T07:33:03.296Z] [INFO] [15/500] call_515 — completed in 14s
[2026-08-29T07:33:03.297Z] [INFO] [16/500] call_516 (5c86479a4dad4340) — API request started
[2026-08-29T07:33:14.563Z] [INFO] [16/500] call_516 — completed in 11s
[2026-08-29T07:33:14.564Z] [INFO] [17/500] call_517 (5ca32dc310e544a0) — API request started
[2026-08-29T07:33:27.164Z] [INFO] [17/500] call_517 — completed in 13s
[2026-08-29T07:33:27.164Z] [INFO] [18/500] call_518 (5d8c176e69d54c86) — API request started
[2026-08-29T07:33:42.045Z] [INFO] [18/500] call_518 — completed in 15s
[2026-08-29T07:33:42.045Z] [INFO] [19/500] call_519 (5d92ef35f99f4bf5) — API request started
[2026-08-29T07:33:53.876Z] [INFO] [19/500] call_519 — completed in 12s
[2026-08-29T07:33:53.876Z] [INFO] [20/500] call_520 (5dc763127ce647f2) — API request started
[2026-08-29T07:34:12.136Z] [INFO] [20/500] call_520 — completed in 18s
[2026-08-29T07:34:12.137Z] [INFO] [21/500] call_521 (5dcf0d12c8e4459d) — API request started
[2026-08-29T07:34:24.418Z] [INFO] [21/500] call_521 — completed in 12s
[2026-08-29T07:34:24.419Z] [INFO] [22/500] call_522 (5dcf0d4256e04c2a) — API request started
[2026-08-29T07:34:42.547Z] [INFO] [22/500] call_522 — completed in 18s
[2026-08-29T07:34:42.548Z] [INFO] [23/500] call_523 (5ddb947533d14e96) — API request started
[2026-08-29T07:34:55.941Z] [INFO] [23/500] call_523 — completed in 13s
[2026-08-29T07:34:55.941Z] [INFO] [24/500] call_524 (5e6f881e5b0f403e) — API request started
[2026-08-29T07:35:11.612Z] [INFO] [24/500] call_524 — completed in 16s
[2026-08-29T07:35:11.612Z] [INFO] [25/500] call_525 (5e9a8f32b3e24c9e) — API request started
[2026-08-29T07:35:25.662Z] [INFO] [25/500] call_525 — completed in 14s
[2026-08-29T07:35:25.662Z] [INFO] [26/500] call_526 (5ef81f3a30d24133) — API request started
[2026-08-29T07:35:41.122Z] [INFO] [26/500] call_526 — completed in 15s
[2026-08-29T07:35:41.122Z] [INFO] [27/500] call_527 (5f5fc889144b468b) — API request started
[2026-08-29T07:35:54.223Z] [INFO] [27/500] call_527 — completed in 13s
[2026-08-29T07:35:54.225Z] [INFO] [28/500] call_528 (5f81c60e18014d40) — API request started
[2026-08-29T07:36:10.095Z] [INFO] [28/500] call_528 — completed in 16s
[2026-08-29T07:36:10.096Z] [INFO] [29/500] call_529 (5f90307229e04226) — API request started
[2026-08-29T07:36:28.318Z] [INFO] [29/500] call_529 — completed in 18s
[2026-08-29T07:36:28.318Z] [INFO] [30/500] call_530 (5fbf82f4a2ca4db6) — API request started
[2026-08-29T07:36:38.957Z] [INFO] [30/500] call_530 — completed in 11s
[2026-08-29T07:36:38.958Z] [INFO] [31/500] call_531 (6037283943b34eb0) — API request started
[2026-08-29T07:36:52.287Z] [INFO] [31/500] call_531 — completed in 13s
[2026-08-29T07:36:52.288Z] [INFO] [32/500] call_532 (60a139c0635c47b6) — API request started
[2026-08-29T07:37:05.379Z] [INFO] [32/500] call_532 — completed in 13s
[2026-08-29T07:37:05.379Z] [INFO] [33/500] call_533 (60b06622a2584b66) — API request started
[2026-08-29T07:37:23.017Z] [INFO] [33/500] call_533 — completed in 18s
[2026-08-29T07:37:23.019Z] [INFO] [34/500] call_534 (60bd7981a5004a7b) — API request started
[2026-08-29T07:37:40.827Z] [INFO] [34/500] call_534 — completed in 18s
[2026-08-29T07:37:40.827Z] [INFO] [35/500] call_535 (60ca473a9a174c05) — API request started
[2026-08-29T07:38:00.520Z] [INFO] [35/500] call_535 — completed in 20s
[2026-08-29T07:38:00.521Z] [INFO] [36/500] call_536 (60fad69f4cd840ca) — API request started
[2026-08-29T07:38:11.309Z] [INFO] [36/500] call_536 — completed in 11s
[2026-08-29T07:38:11.309Z] [INFO] [37/500] call_537 (61281b24a0424127) — API request started
[2026-08-29T07:38:24.078Z] [INFO] [37/500] call_537 — completed in 13s
[2026-08-29T07:38:24.078Z] [INFO] [38/500] call_538 (6128d33e1c8a44f4) — API request started
[2026-08-29T07:38:37.047Z] [INFO] [38/500] call_538 — completed in 13s
[2026-08-29T07:38:37.047Z] [INFO] [39/500] call_539 (61297c54c42a4a4a) — API request started
[2026-08-29T07:38:52.912Z] [INFO] [39/500] call_539 — completed in 16s
[2026-08-29T07:38:52.913Z] [INFO] [40/500] call_540 (612cd404ade3463f) — API request started
[2026-08-29T07:39:06.148Z] [INFO] [40/500] call_540 — completed in 13s
[2026-08-29T07:39:06.148Z] [INFO] [41/500] call_541 (61b99e3cc0af47f9) — API request started
[2026-08-29T07:39:19.124Z] [INFO] [41/500] call_541 — completed in 13s
[2026-08-29T07:39:19.125Z] [INFO] [42/500] call_542 (61e6e48e3c7144c5) — API request started
[2026-08-29T07:39:40.513Z] [INFO] [42/500] call_542 — completed in 21s
[2026-08-29T07:39:40.513Z] [INFO] [43/500] call_543 (621acf6430694019) — API request started
[2026-08-29T07:39:56.725Z] [INFO] [43/500] call_543 — completed in 16s
[2026-08-29T07:39:56.727Z] [INFO] [44/500] call_544 (622fa25c83224e0f) — API request started
[2026-08-29T07:40:10.523Z] [INFO] [44/500] call_544 — completed in 14s
[2026-08-29T07:40:10.523Z] [INFO] [45/500] call_545 (62345a4010954141) — API request started
[2026-08-29T07:40:24.097Z] [INFO] [45/500] call_545 — completed in 14s
[2026-08-29T07:40:24.097Z] [INFO] [46/500] call_546 (62840395564b41fe) — API request started
[2026-08-29T07:40:36.962Z] [INFO] [46/500] call_546 — completed in 13s
[2026-08-29T07:40:36.962Z] [INFO] [47/500] call_547 (6288b69a182645ab) — API request started
[2026-08-29T07:40:47.172Z] [INFO] [47/500] call_547 — completed in 10s
[2026-08-29T07:40:47.172Z] [INFO] [48/500] call_548 (6295d98699ba4c80) — API request started
[2026-08-29T07:41:03.690Z] [INFO] [48/500] call_548 — completed in 17s
[2026-08-29T07:41:03.691Z] [INFO] [49/500] call_549 (62a83a1eebfe490d) — API request started
[2026-08-29T07:41:17.094Z] [INFO] [49/500] call_549 — completed in 13s
[2026-08-29T07:41:17.094Z] [INFO] [50/500] call_550 (62f6b75161014aec) — API request started
[2026-08-29T07:41:28.642Z] [INFO] [50/500] call_550 — completed in 12s
[2026-08-29T07:41:28.643Z] [INFO] [51/500] call_551 (630f73bc1cd34d3d) — API request started
[2026-08-29T07:41:41.269Z] [INFO] [51/500] call_551 — completed in 13s
[2026-08-29T07:41:41.270Z] [INFO] [52/500] call_552 (6310d1f8dfd34273) — API request started
[2026-08-29T07:41:55.483Z] [INFO] [52/500] call_552 — completed in 14s
[2026-08-29T07:41:55.484Z] [INFO] [53/500] call_553 (633c961986ac4fec) — API request started
[2026-08-29T07:42:07.155Z] [INFO] [53/500] call_553 — completed in 12s
[2026-08-29T07:42:07.156Z] [INFO] [54/500] call_554 (636ef6361ef3447d) — API request started
[2026-08-29T07:42:23.950Z] [INFO] [54/500] call_554 — completed in 17s
[2026-08-29T07:42:23.950Z] [INFO] [55/500] call_555 (637938e7c1194810) — API request started
[2026-08-29T07:42:35.612Z] [INFO] [55/500] call_555 — completed in 12s
[2026-08-29T07:42:35.612Z] [INFO] [56/500] call_556 (63f9f2f2f7d247cf) — API request started
[2026-08-29T07:42:52.329Z] [INFO] [56/500] call_556 — completed in 17s
[2026-08-29T07:42:52.329Z] [INFO] [57/500] call_557 (64064f143ab24985) — API request started
[2026-08-29T07:43:04.260Z] [INFO] [57/500] call_557 — completed in 12s
[2026-08-29T07:43:04.263Z] [INFO] [58/500] call_558 (640b3f7b22c34a05) — API request started
[2026-08-29T07:43:18.868Z] [INFO] [58/500] call_558 — completed in 15s
[2026-08-29T07:43:18.869Z] [INFO] [59/500] call_559 (6425dfbe214a4ddb) — API request started
[2026-08-29T07:43:33.973Z] [INFO] [59/500] call_559 — completed in 15s
[2026-08-29T07:43:33.973Z] [INFO] [60/500] call_560 (643af84306f3484e) — API request started
[2026-08-29T07:43:48.698Z] [INFO] [60/500] call_560 — completed in 15s
[2026-08-29T07:43:48.698Z] [INFO] [61/500] call_561 (645dd9f22ad34871) — API request started
[2026-08-29T07:44:01.545Z] [INFO] [61/500] call_561 — completed in 13s
[2026-08-29T07:44:01.546Z] [INFO] [62/500] call_562 (64bdc900eec44b3f) — API request started
[2026-08-29T07:44:16.048Z] [INFO] [62/500] call_562 — completed in 14s
[2026-08-29T07:44:16.049Z] [INFO] [63/500] call_563 (657131f9ab834af3) — API request started
[2026-08-29T07:44:29.714Z] [INFO] [63/500] call_563 — completed in 14s
[2026-08-29T07:44:29.715Z] [INFO] [64/500] call_564 (657708cb8b9b4244) — API request started
[2026-08-29T07:44:41.605Z] [INFO] [64/500] call_564 — completed in 12s
[2026-08-29T07:44:41.605Z] [INFO] [65/500] call_565 (65b07ea1140e4271) — API request started
[2026-08-29T07:44:54.075Z] [INFO] [65/500] call_565 — completed in 12s
[2026-08-29T07:44:54.075Z] [INFO] [66/500] call_566 (65b3fa4e634f47fb) — API request started
[2026-08-29T07:45:08.734Z] [INFO] [66/500] call_566 — completed in 15s
[2026-08-29T07:45:08.735Z] [INFO] [67/500] call_567 (662266f1544e4aa6) — API request started
[2026-08-29T07:45:21.632Z] [INFO] [67/500] call_567 — completed in 13s
[2026-08-29T07:45:21.633Z] [INFO] [68/500] call_568 (6625925a3bcd409a) — API request started
[2026-08-29T07:45:35.352Z] [INFO] [68/500] call_568 — completed in 14s
[2026-08-29T07:45:35.353Z] [INFO] [69/500] call_569 (663201e33f1a4e38) — API request started
[2026-08-29T07:45:52.244Z] [INFO] [69/500] call_569 — completed in 17s
[2026-08-29T07:45:52.245Z] [INFO] [70/500] call_570 (66556e5a8d184a64) — API request started
[2026-08-29T07:46:06.986Z] [INFO] [70/500] call_570 — completed in 15s
[2026-08-29T07:46:06.986Z] [INFO] [71/500] call_571 (666e447383954cf0) — API request started
[2026-08-29T07:46:20.918Z] [INFO] [71/500] call_571 — completed in 14s
[2026-08-29T07:46:20.918Z] [INFO] [72/500] call_572 (667ad55a6724469d) — API request started
[2026-08-29T07:46:34.056Z] [INFO] [72/500] call_572 — completed in 13s
[2026-08-29T07:46:34.056Z] [INFO] [73/500] call_573 (669bb254ca84455b) — API request started
[2026-08-29T07:46:49.276Z] [INFO] [73/500] call_573 — completed in 15s
[2026-08-29T07:46:49.277Z] [INFO] [74/500] call_574 (66a61c2a13d74322) — API request started
[2026-08-29T07:47:04.751Z] [INFO] [74/500] call_574 — completed in 15s
[2026-08-29T07:47:04.752Z] [INFO] [75/500] call_575 (66af215d791842e5) — API request started
[2026-08-29T07:47:18.269Z] [INFO] [75/500] call_575 — completed in 14s
[2026-08-29T07:47:18.270Z] [INFO] [76/500] call_576 (66c9af687cb348b9) — API request started
[2026-08-29T07:47:31.169Z] [INFO] [76/500] call_576 — completed in 13s
[2026-08-29T07:47:31.169Z] [INFO] [77/500] call_577 (66d15e1ffd1c4aae) — API request started
[2026-08-29T07:47:48.464Z] [INFO] [77/500] call_577 — completed in 17s
[2026-08-29T07:47:48.465Z] [INFO] [78/500] call_578 (66dbb70b6ab24d21) — API request started
[2026-08-29T07:48:01.617Z] [INFO] [78/500] call_578 — completed in 13s
[2026-08-29T07:48:01.617Z] [INFO] [79/500] call_579 (66eaaa175b3148e4) — API request started
[2026-08-29T07:48:12.827Z] [INFO] [79/500] call_579 — completed in 11s
[2026-08-29T07:48:12.828Z] [INFO] [80/500] call_580 (6703d84e57194c93) — API request started
[2026-08-29T07:48:26.869Z] [INFO] [80/500] call_580 — completed in 14s
[2026-08-29T07:48:26.869Z] [INFO] [81/500] call_581 (6773329b3a6f42f5) — API request started
[2026-08-29T07:48:43.152Z] [INFO] [81/500] call_581 — completed in 16s
[2026-08-29T07:48:43.152Z] [INFO] [82/500] call_582 (6783b4eb95904f1f) — API request started
[2026-08-29T07:48:57.426Z] [INFO] [82/500] call_582 — completed in 14s
[2026-08-29T07:48:57.426Z] [INFO] [83/500] call_583 (67e818dee96d4824) — API request started
[2026-08-29T07:49:26.946Z] [INFO] [83/500] call_583 — completed in 30s
[2026-08-29T07:49:26.947Z] [INFO] [84/500] call_584 (67f9d7ca83914317) — API request started
[2026-08-29T07:49:45.408Z] [INFO] [84/500] call_584 — completed in 18s
[2026-08-29T07:49:45.409Z] [INFO] [85/500] call_585 (6827c47b607e4437) — API request started
[2026-08-29T07:50:03.538Z] [INFO] [85/500] call_585 — completed in 18s
[2026-08-29T07:50:03.539Z] [INFO] [86/500] call_586 (682b5d972d9b4c89) — API request started
[2026-08-29T07:50:16.345Z] [INFO] [86/500] call_586 — completed in 13s
[2026-08-29T07:50:16.345Z] [INFO] [87/500] call_587 (6843f36c414a4c85) — API request started
[2026-08-29T07:50:29.129Z] [INFO] [87/500] call_587 — completed in 13s
[2026-08-29T07:50:29.129Z] [INFO] [88/500] call_588 (687efe49a93d42af) — API request started
[2026-08-29T07:50:39.366Z] [INFO] [88/500] call_588 — completed in 10s
[2026-08-29T07:50:39.367Z] [INFO] [89/500] call_589 (68c9b1352ce245c2) — API request started
[2026-08-29T07:50:53.020Z] [INFO] [89/500] call_589 — completed in 14s
[2026-08-29T07:50:53.021Z] [INFO] [90/500] call_590 (6913f7cf2f2144a7) — API request started
[2026-08-29T07:51:10.654Z] [INFO] [90/500] call_590 — completed in 18s
[2026-08-29T07:51:10.655Z] [INFO] [91/500] call_591 (69519cd4ffeb44fb) — API request started
[2026-08-29T07:51:25.061Z] [INFO] [91/500] call_591 — completed in 14s
[2026-08-29T07:51:25.062Z] [INFO] [92/500] call_592 (697be093ab274d32) — API request started
[2026-08-29T07:51:39.098Z] [INFO] [92/500] call_592 — completed in 14s
[2026-08-29T07:51:39.098Z] [INFO] [93/500] call_593 (6a17abf3451348ca) — API request started
[2026-08-29T07:51:59.489Z] [INFO] [93/500] call_593 — completed in 20s
[2026-08-29T07:51:59.491Z] [INFO] [94/500] call_594 (6a445e77fd41419d) — API request started
[2026-08-29T07:52:11.858Z] [INFO] [94/500] call_594 — completed in 12s
[2026-08-29T07:52:11.859Z] [INFO] [95/500] call_595 (6aa47f9fbdab459b) — API request started
[2026-08-29T07:52:26.200Z] [INFO] [95/500] call_595 — completed in 14s
[2026-08-29T07:52:26.201Z] [INFO] [96/500] call_596 (6ace9cd5b88d4c30) — API request started
[2026-08-29T07:52:39.299Z] [INFO] [96/500] call_596 — completed in 13s
[2026-08-29T07:52:39.299Z] [INFO] [97/500] call_597 (6ad02b60a8e448e1) — API request started
[2026-08-29T07:52:52.624Z] [INFO] [97/500] call_597 — completed in 13s
[2026-08-29T07:52:52.625Z] [INFO] [98/500] call_598 (6adfd05c71dc4248) — API request started
[2026-08-29T07:53:06.853Z] [INFO] [98/500] call_598 — completed in 14s
[2026-08-29T07:53:06.854Z] [INFO] [99/500] call_599 (6b165841df134b5d) — API request started
[2026-08-29T07:53:24.336Z] [INFO] [99/500] call_599 — completed in 17s
[2026-08-29T07:53:24.336Z] [INFO] [100/500] call_600 (6b219c855e4d476b) — API request started
[2026-08-29T07:53:37.561Z] [INFO] [100/500] call_600 — completed in 13s
[2026-08-29T07:53:37.561Z] [INFO] [101/500] call_601 (6b405258c8ee4123) — API request started
[2026-08-29T07:53:51.383Z] [INFO] [101/500] call_601 — completed in 14s
[2026-08-29T07:53:51.383Z] [INFO] [102/500] call_602 (6b5c3c7a42664e2b) — API request started
[2026-08-29T07:54:18.670Z] [INFO] [102/500] call_602 — completed in 27s
[2026-08-29T07:54:18.671Z] [INFO] [103/500] call_603 (6b709f1351ae4bf4) — API request started
[2026-08-29T07:54:35.224Z] [INFO] [103/500] call_603 — completed in 17s
[2026-08-29T07:54:35.224Z] [INFO] [104/500] call_604 (6b7829ddc1ae447f) — API request started
[2026-08-29T07:54:55.190Z] [INFO] [104/500] call_604 — completed in 20s
[2026-08-29T07:54:55.190Z] [INFO] [105/500] call_605 (6ba2068de4294c96) — API request started
[2026-08-29T07:55:14.956Z] [INFO] [105/500] call_605 — completed in 20s
[2026-08-29T07:55:14.957Z] [INFO] [106/500] call_606 (6ca1a32fba014935) — API request started
[2026-08-29T07:55:27.149Z] [INFO] [106/500] call_606 — completed in 12s
[2026-08-29T07:55:27.149Z] [INFO] [107/500] call_607 (6ca53da07c7843ae) — API request started
[2026-08-29T07:55:39.810Z] [INFO] [107/500] call_607 — completed in 13s
[2026-08-29T07:55:39.810Z] [INFO] [108/500] call_608 (6cf7c0354aef4c17) — API request started
[2026-08-29T07:55:58.468Z] [INFO] [108/500] call_608 — completed in 19s
[2026-08-29T07:55:58.468Z] [INFO] [109/500] call_609 (6d0c303c60544f36) — API request started
[2026-08-29T07:56:10.864Z] [INFO] [109/500] call_609 — completed in 12s
[2026-08-29T07:56:10.865Z] [INFO] [110/500] call_610 (6d0daf13fc224e0d) — API request started
[2026-08-29T07:56:28.159Z] [INFO] [110/500] call_610 — completed in 17s
[2026-08-29T07:56:28.160Z] [INFO] [111/500] call_611 (6d3ce86a6e5445fa) — API request started
[2026-08-29T07:56:43.931Z] [INFO] [111/500] call_611 — completed in 16s
[2026-08-29T07:56:43.932Z] [INFO] [112/500] call_612 (6da07b9de07b45c3) — API request started
[2026-08-29T07:57:01.862Z] [INFO] [112/500] call_612 — completed in 18s
[2026-08-29T07:57:01.863Z] [INFO] [113/500] call_613 (6ddb9a42f8a84a6e) — API request started
[2026-08-29T07:57:18.953Z] [INFO] [113/500] call_613 — completed in 17s
[2026-08-29T07:57:18.955Z] [INFO] [114/500] call_614 (6de71eda43474a97) — API request started
[2026-08-29T07:57:33.278Z] [INFO] [114/500] call_614 — completed in 14s
[2026-08-29T07:57:33.279Z] [INFO] [115/500] call_615 (6e00c027c4d74738) — API request started
[2026-08-29T07:57:52.595Z] [INFO] [115/500] call_615 — completed in 19s
[2026-08-29T07:57:52.596Z] [INFO] [116/500] call_616 (6e7a427853774bd0) — API request started
[2026-08-29T07:58:13.569Z] [INFO] [116/500] call_616 — completed in 21s
[2026-08-29T07:58:13.570Z] [INFO] [117/500] call_617 (6e8da4cb697744d1) — API request started
[2026-08-29T07:58:26.740Z] [INFO] [117/500] call_617 — completed in 13s
[2026-08-29T07:58:26.740Z] [INFO] [118/500] call_618 (6eba8f858f7f44ca) — API request started
[2026-08-29T07:58:42.093Z] [INFO] [118/500] call_618 — completed in 15s
[2026-08-29T07:58:42.093Z] [INFO] [119/500] call_619 (6f0743a7380b445a) — API request started
[2026-08-29T07:58:54.475Z] [INFO] [119/500] call_619 — completed in 12s
[2026-08-29T07:58:54.475Z] [INFO] [120/500] call_620 (6f08bbb8ba6644c9) — API request started
[2026-08-29T07:59:05.136Z] [INFO] [120/500] call_620 — completed in 11s
[2026-08-29T07:59:05.136Z] [INFO] [121/500] call_621 (6f17cf2eb9c44d5b) — API request started
[2026-08-29T07:59:20.093Z] [INFO] [121/500] call_621 — completed in 15s
[2026-08-29T07:59:20.094Z] [INFO] [122/500] call_622 (6f1d70ecccb142ff) — API request started
[2026-08-29T07:59:32.798Z] [INFO] [122/500] call_622 — completed in 13s
[2026-08-29T07:59:32.799Z] [INFO] [123/500] call_623 (6f2b04cc057f4af1) — API request started
[2026-08-29T07:59:48.770Z] [INFO] [123/500] call_623 — completed in 16s
[2026-08-29T07:59:48.775Z] [INFO] [124/500] call_624 (6f7e82d6afa44143) — API request started
[2026-08-29T08:00:00.742Z] [INFO] [124/500] call_624 — completed in 12s
[2026-08-29T08:00:00.743Z] [INFO] [125/500] call_625 (6fca802594f5402a) — API request started
[2026-08-29T08:00:16.090Z] [INFO] [125/500] call_625 — completed in 15s
[2026-08-29T08:00:16.090Z] [INFO] [126/500] call_626 (6fd795ddfac1415c) — API request started
[2026-08-29T08:00:31.568Z] [INFO] [126/500] call_626 — completed in 15s
[2026-08-29T08:00:31.568Z] [INFO] [127/500] call_627 (701dbf853e944863) — API request started
[2026-08-29T08:00:48.740Z] [INFO] [127/500] call_627 — completed in 17s
[2026-08-29T08:00:48.742Z] [INFO] [128/500] call_628 (7033b5b7a8fc4aee) — API request started
[2026-08-29T08:01:00.120Z] [INFO] [128/500] call_628 — completed in 11s
[2026-08-29T08:01:00.121Z] [INFO] [129/500] call_629 (7040a9a8846d453d) — API request started
[2026-08-29T08:01:13.250Z] [INFO] [129/500] call_629 — completed in 13s
[2026-08-29T08:01:13.250Z] [INFO] [130/500] call_630 (705bbe63e5824a1c) — API request started
[2026-08-29T08:01:27.069Z] [INFO] [130/500] call_630 — completed in 14s
[2026-08-29T08:01:27.070Z] [INFO] [131/500] call_631 (706aab18d2a24e83) — API request started
[2026-08-29T08:01:42.208Z] [INFO] [131/500] call_631 — completed in 15s
[2026-08-29T08:01:42.209Z] [INFO] [132/500] call_632 (7102576056e345e3) — API request started
[2026-08-29T08:01:55.540Z] [INFO] [132/500] call_632 — completed in 13s
[2026-08-29T08:01:55.540Z] [INFO] [133/500] call_633 (713d96448ce84de1) — API request started
[2026-08-29T08:02:10.965Z] [INFO] [133/500] call_633 — completed in 15s
[2026-08-29T08:02:10.967Z] [INFO] [134/500] call_634 (7140a73246e24752) — API request started
[2026-08-29T08:02:24.170Z] [INFO] [134/500] call_634 — completed in 13s
[2026-08-29T08:02:24.171Z] [INFO] [135/500] call_635 (718fbeded9724aa6) — API request started
[2026-08-29T08:02:42.754Z] [INFO] [135/500] call_635 — completed in 19s
[2026-08-29T08:02:42.754Z] [INFO] [136/500] call_636 (71ad0f6dfec44685) — API request started
[2026-08-29T08:02:59.557Z] [INFO] [136/500] call_636 — completed in 17s
[2026-08-29T08:02:59.558Z] [INFO] [137/500] call_637 (71c19464f839442b) — API request started
[2026-08-29T08:03:13.062Z] [INFO] [137/500] call_637 — completed in 14s
[2026-08-29T08:03:13.063Z] [INFO] [138/500] call_638 (723f6e719e36489b) — API request started
[2026-08-29T08:03:25.227Z] [INFO] [138/500] call_638 — completed in 12s
[2026-08-29T08:03:25.227Z] [INFO] [139/500] call_639 (7285cebc76ea4a54) — API request started
[2026-08-29T08:03:36.685Z] [INFO] [139/500] call_639 — completed in 11s
[2026-08-29T08:03:36.686Z] [INFO] [140/500] call_640 (72da2d85ddbd4a4d) — API request started
[2026-08-29T08:03:49.343Z] [INFO] [140/500] call_640 — completed in 13s
[2026-08-29T08:03:49.344Z] [INFO] [141/500] call_641 (7306f4f9ef6d4440) — API request started
[2026-08-29T08:04:01.369Z] [INFO] [141/500] call_641 — completed in 12s
[2026-08-29T08:04:01.369Z] [INFO] [142/500] call_642 (7335a952d9204384) — API request started
[2026-08-29T08:04:29.805Z] [INFO] [142/500] call_642 — completed in 28s
[2026-08-29T08:04:29.805Z] [INFO] [143/500] call_643 (73549c008d71436f) — API request started
[2026-08-29T08:04:43.532Z] [INFO] [143/500] call_643 — completed in 14s
[2026-08-29T08:04:43.532Z] [INFO] [144/500] call_644 (735ce40fe6bb4eeb) — API request started
[2026-08-29T08:04:53.948Z] [INFO] [144/500] call_644 — completed in 10s
[2026-08-29T08:04:53.948Z] [INFO] [145/500] call_645 (7394fcc2bcb94c69) — API request started
[2026-08-29T08:05:08.236Z] [INFO] [145/500] call_645 — completed in 14s
[2026-08-29T08:05:08.237Z] [INFO] [146/500] call_646 (73f3255b819f4778) — API request started
[2026-08-29T08:05:28.277Z] [INFO] [146/500] call_646 — completed in 20s
[2026-08-29T08:05:28.277Z] [INFO] [147/500] call_647 (740ddc6aa34e4e30) — API request started
[2026-08-29T08:05:48.259Z] [INFO] [147/500] call_647 — completed in 20s
[2026-08-29T08:05:48.259Z] [INFO] [148/500] call_648 (743c8b491b5847b0) — API request started
[2026-08-29T08:05:59.601Z] [INFO] [148/500] call_648 — completed in 11s
[2026-08-29T08:05:59.602Z] [INFO] [149/500] call_649 (74744bb24fcf4429) — API request started
[2026-08-29T08:06:11.804Z] [INFO] [149/500] call_649 — completed in 12s
[2026-08-29T08:06:11.804Z] [INFO] [150/500] call_650 (74cf8fc51ce049f6) — API request started
[2026-08-29T08:06:35.975Z] [INFO] [150/500] call_650 — completed in 24s
[2026-08-29T08:06:35.975Z] [INFO] [151/500] call_651 (755b9fff9bd34794) — API request started
[2026-08-29T08:06:52.453Z] [INFO] [151/500] call_651 — completed in 16s
[2026-08-29T08:06:52.453Z] [INFO] [152/500] call_652 (7561dae4a56349d7) — API request started
[2026-08-29T08:07:02.746Z] [INFO] [152/500] call_652 — completed in 10s
[2026-08-29T08:07:02.746Z] [INFO] [153/500] call_653 (7566f84c17404dba) — API request started
[2026-08-29T08:07:13.333Z] [INFO] [153/500] call_653 — completed in 11s
[2026-08-29T08:07:13.334Z] [INFO] [154/500] call_654 (75891f8a67b14ef6) — API request started
[2026-08-29T08:07:27.052Z] [INFO] [154/500] call_654 — completed in 14s
[2026-08-29T08:07:27.052Z] [INFO] [155/500] call_655 (75b81154034a4c5f) — API request started
[2026-08-29T08:07:38.936Z] [INFO] [155/500] call_655 — completed in 12s
[2026-08-29T08:07:38.937Z] [INFO] [156/500] call_656 (75b8b086f7774ae6) — API request started
[2026-08-29T08:07:54.517Z] [INFO] [156/500] call_656 — completed in 16s
[2026-08-29T08:07:54.518Z] [INFO] [157/500] call_657 (75cafd7d45174350) — API request started
[2026-08-29T08:08:09.368Z] [INFO] [157/500] call_657 — completed in 15s
[2026-08-29T08:08:09.369Z] [INFO] [158/500] call_658 (75d1a6e8d0e54a37) — API request started
[2026-08-29T08:08:21.235Z] [INFO] [158/500] call_658 — completed in 12s
[2026-08-29T08:08:21.235Z] [INFO] [159/500] call_659 (75e15beb16584024) — API request started
[2026-08-29T08:08:49.841Z] [INFO] [159/500] call_659 — completed in 29s
[2026-08-29T08:08:49.841Z] [INFO] [160/500] call_660 (762a74216bdf4c32) — API request started
[2026-08-29T08:09:06.392Z] [INFO] [160/500] call_660 — completed in 17s
[2026-08-29T08:09:06.392Z] [INFO] [161/500] call_661 (76486b21e28e4079) — API request started
[2026-08-29T08:09:23.604Z] [INFO] [161/500] call_661 — completed in 17s
[2026-08-29T08:09:23.604Z] [INFO] [162/500] call_662 (7695edc7945247cf) — API request started
[2026-08-29T08:09:34.181Z] [INFO] [162/500] call_662 — completed in 11s
[2026-08-29T08:09:34.181Z] [INFO] [163/500] call_663 (76bad60a75bc493d) — API request started
[2026-08-29T08:09:49.326Z] [INFO] [163/500] call_663 — completed in 15s
[2026-08-29T08:09:49.327Z] [INFO] [164/500] call_664 (76e0585521284767) — API request started
[2026-08-29T08:10:01.582Z] [INFO] [164/500] call_664 — completed in 12s
[2026-08-29T08:10:01.583Z] [INFO] [165/500] call_665 (76ed505d82be4f13) — API request started
[2026-08-29T08:10:12.426Z] [INFO] [165/500] call_665 — completed in 11s
[2026-08-29T08:10:12.426Z] [INFO] [166/500] call_666 (77127eb4fa7c4d49) — API request started
[2026-08-29T08:10:26.284Z] [INFO] [166/500] call_666 — completed in 14s
[2026-08-29T08:10:26.284Z] [INFO] [167/500] call_667 (77339eed9cf249a9) — API request started
[2026-08-29T08:10:54.163Z] [INFO] [167/500] call_667 — completed in 28s
[2026-08-29T08:10:54.163Z] [INFO] [168/500] call_668 (77c453120a354d4c) — API request started
[2026-08-29T08:11:09.603Z] [INFO] [168/500] call_668 — completed in 15s
[2026-08-29T08:11:09.603Z] [INFO] [169/500] call_669 (781b722c46b84ad2) — API request started
[2026-08-29T08:11:22.535Z] [INFO] [169/500] call_669 — completed in 13s
[2026-08-29T08:11:22.535Z] [INFO] [170/500] call_670 (783bf1b03e674486) — API request started
[2026-08-29T08:11:40.946Z] [INFO] [170/500] call_670 — completed in 18s
[2026-08-29T08:11:40.946Z] [INFO] [171/500] call_671 (78434bc491304b2e) — API request started
[2026-08-29T08:11:52.321Z] [INFO] [171/500] call_671 — completed in 11s
[2026-08-29T08:11:52.321Z] [INFO] [172/500] call_672 (7846f7b9d786467d) — API request started
[2026-08-29T08:12:07.094Z] [INFO] [172/500] call_672 — completed in 15s
[2026-08-29T08:12:07.095Z] [INFO] [173/500] call_673 (78a1e380db334ee7) — API request started
[2026-08-29T08:12:20.524Z] [INFO] [173/500] call_673 — completed in 13s
[2026-08-29T08:12:20.525Z] [INFO] [174/500] call_674 (79149a24b13e4e72) — API request started
[2026-08-29T08:12:33.173Z] [INFO] [174/500] call_674 — completed in 13s
[2026-08-29T08:12:33.173Z] [INFO] [175/500] call_675 (79217a3dbe5945dc) — API request started
[2026-08-29T08:12:48.090Z] [INFO] [175/500] call_675 — completed in 15s
[2026-08-29T08:12:48.090Z] [INFO] [176/500] call_676 (796158bf207f4888) — API request started
[2026-08-29T08:13:01.199Z] [INFO] [176/500] call_676 — completed in 13s
[2026-08-29T08:13:01.200Z] [INFO] [177/500] call_677 (7965fb457da1424c) — API request started
[2026-08-29T08:13:15.939Z] [INFO] [177/500] call_677 — completed in 15s
[2026-08-29T08:13:15.939Z] [INFO] [178/500] call_678 (79ed5ca1e9f34db9) — API request started
[2026-08-29T08:13:33.336Z] [INFO] [178/500] call_678 — completed in 17s
[2026-08-29T08:13:33.336Z] [INFO] [179/500] call_679 (79fd27e709544567) — API request started
[2026-08-29T08:13:51.793Z] [INFO] [179/500] call_679 — completed in 18s
[2026-08-29T08:13:51.793Z] [INFO] [180/500] call_680 (7a5d0bc4125a4f90) — API request started
[2026-08-29T08:14:04.874Z] [INFO] [180/500] call_680 — completed in 13s
[2026-08-29T08:14:04.875Z] [INFO] [181/500] call_681 (7a7698194ba446c0) — API request started
[2026-08-29T08:14:18.532Z] [INFO] [181/500] call_681 — completed in 14s
[2026-08-29T08:14:18.532Z] [INFO] [182/500] call_682 (7a81b31f172c47c2) — API request started
[2026-08-29T08:14:34.138Z] [INFO] [182/500] call_682 — completed in 16s
[2026-08-29T08:14:34.139Z] [INFO] [183/500] call_683 (7ae57259c5584757) — API request started
[2026-08-29T08:14:50.183Z] [INFO] [183/500] call_683 — completed in 16s
[2026-08-29T08:14:50.183Z] [INFO] [184/500] call_684 (7b58f61788804657) — API request started
[2026-08-29T08:15:10.397Z] [INFO] [184/500] call_684 — completed in 20s
[2026-08-29T08:15:10.398Z] [INFO] [185/500] call_685 (7b7b608983bb4a81) — API request started
[2026-08-29T08:15:23.034Z] [INFO] [185/500] call_685 — completed in 13s
[2026-08-29T08:15:23.034Z] [INFO] [186/500] call_686 (7b7b984ce9d34dd9) — API request started
[2026-08-29T08:15:50.377Z] [INFO] [186/500] call_686 — completed in 27s
[2026-08-29T08:15:50.378Z] [INFO] [187/500] call_687 (7bf3a2433a214bc4) — API request started
[2026-08-29T08:16:01.464Z] [INFO] [187/500] call_687 — completed in 11s
[2026-08-29T08:16:01.464Z] [INFO] [188/500] call_688 (7c36363c76a747fc) — API request started
[2026-08-29T08:16:22.519Z] [INFO] [188/500] call_688 — completed in 21s
[2026-08-29T08:16:22.520Z] [INFO] [189/500] call_689 (7c5d6f0ca8dd4d83) — API request started
[2026-08-29T08:16:39.007Z] [INFO] [189/500] call_689 — completed in 16s
[2026-08-29T08:16:39.008Z] [INFO] [190/500] call_690 (7c7beec3b67c4a88) — API request started
[2026-08-29T08:16:51.909Z] [INFO] [190/500] call_690 — completed in 13s
[2026-08-29T08:16:51.909Z] [INFO] [191/500] call_691 (7ca9c78c16874c15) — API request started
[2026-08-29T08:17:03.700Z] [INFO] [191/500] call_691 — completed in 12s
[2026-08-29T08:17:03.701Z] [INFO] [192/500] call_692 (7d1d7e0b9b664d2a) — API request started
[2026-08-29T08:17:18.132Z] [INFO] [192/500] call_692 — completed in 14s
[2026-08-29T08:17:18.132Z] [INFO] [193/500] call_693 (7d65a4dd18d14222) — API request started
[2026-08-29T08:17:33.637Z] [INFO] [193/500] call_693 — completed in 16s
[2026-08-29T08:17:33.637Z] [INFO] [194/500] call_694 (7d6b63ae63fb4827) — API request started
[2026-08-29T08:17:49.316Z] [INFO] [194/500] call_694 — completed in 16s
[2026-08-29T08:17:49.316Z] [INFO] [195/500] call_695 (7d749b651b0e4063) — API request started
[2026-08-29T08:18:08.708Z] [INFO] [195/500] call_695 — completed in 19s
[2026-08-29T08:18:08.708Z] [INFO] [196/500] call_696 (7d9594d33a65436f) — API request started
[2026-08-29T08:18:25.206Z] [INFO] [196/500] call_696 — completed in 16s
[2026-08-29T08:18:25.207Z] [INFO] [197/500] call_697 (7da334ea92c14241) — API request started
[2026-08-29T08:18:39.428Z] [INFO] [197/500] call_697 — completed in 14s
[2026-08-29T08:18:39.429Z] [INFO] [198/500] call_698 (7dccaae036db44d4) — API request started
[2026-08-29T08:18:58.161Z] [INFO] [198/500] call_698 — completed in 19s
[2026-08-29T08:18:58.162Z] [INFO] [199/500] call_699 (7deecc562f274ca3) — API request started
[2026-08-29T08:19:09.840Z] [INFO] [199/500] call_699 — completed in 12s
[2026-08-29T08:19:09.841Z] [INFO] [200/500] call_700 (7df9123f42294739) — API request started
[2026-08-29T08:19:21.589Z] [INFO] [200/500] call_700 — completed in 12s
[2026-08-29T08:19:21.589Z] [INFO] [201/500] call_701 (7e0dba1951204150) — API request started
[2026-08-29T08:19:35.454Z] [INFO] [201/500] call_701 — completed in 14s
[2026-08-29T08:19:35.454Z] [INFO] [202/500] call_702 (7e1f8bb7b3e0432e) — API request started
[2026-08-29T08:19:47.948Z] [INFO] [202/500] call_702 — completed in 12s
[2026-08-29T08:19:47.949Z] [INFO] [203/500] call_703 (7e3285db4e354e0b) — API request started
[2026-08-29T08:20:00.748Z] [INFO] [203/500] call_703 — completed in 13s
[2026-08-29T08:20:00.749Z] [INFO] [204/500] call_704 (7e4d91035dca43ac) — API request started
[2026-08-29T08:20:15.907Z] [INFO] [204/500] call_704 — completed in 15s
[2026-08-29T08:20:15.907Z] [INFO] [205/500] call_705 (7e5e38a7071b467c) — API request started
[2026-08-29T08:20:26.817Z] [INFO] [205/500] call_705 — completed in 11s
[2026-08-29T08:20:26.817Z] [INFO] [206/500] call_706 (7e864cce89594b43) — API request started
[2026-08-29T08:20:38.313Z] [INFO] [206/500] call_706 — completed in 11s
[2026-08-29T08:20:38.314Z] [INFO] [207/500] call_707 (7eb84995a3614310) — API request started
[2026-08-29T08:20:51.482Z] [INFO] [207/500] call_707 — completed in 13s
[2026-08-29T08:20:51.483Z] [INFO] [208/500] call_708 (7f0bb23a59834d03) — API request started
[2026-08-29T08:21:05.068Z] [INFO] [208/500] call_708 — completed in 14s
[2026-08-29T08:21:05.068Z] [INFO] [209/500] call_709 (7f3d383f8aff498d) — API request started
[2026-08-29T08:21:18.182Z] [INFO] [209/500] call_709 — completed in 13s
[2026-08-29T08:21:18.182Z] [INFO] [210/500] call_710 (7f5bd3eafa974e98) — API request started
[2026-08-29T08:21:28.670Z] [INFO] [210/500] call_710 — completed in 10s
[2026-08-29T08:21:28.670Z] [INFO] [211/500] call_711 (7f63d5fd91954113) — API request started
[2026-08-29T08:21:42.930Z] [INFO] [211/500] call_711 — completed in 14s
[2026-08-29T08:21:42.931Z] [INFO] [212/500] call_712 (80262d8affa9403a) — API request started
[2026-08-29T08:21:53.573Z] [INFO] [212/500] call_712 — completed in 11s
[2026-08-29T08:21:53.574Z] [INFO] [213/500] call_713 (802847ab47654971) — API request started
[2026-08-29T08:22:07.829Z] [INFO] [213/500] call_713 — completed in 14s
[2026-08-29T08:22:07.829Z] [INFO] [214/500] call_714 (806b185628a04abf) — API request started
[2026-08-29T08:22:25.567Z] [INFO] [214/500] call_714 — completed in 18s
[2026-08-29T08:22:25.567Z] [INFO] [215/500] call_715 (8083b6b444584550) — API request started
[2026-08-29T08:22:40.707Z] [INFO] [215/500] call_715 — completed in 15s
[2026-08-29T08:22:40.711Z] [INFO] [216/500] call_716 (80ecf71864c9464d) — API request started
[2026-08-29T08:22:56.861Z] [INFO] [216/500] call_716 — completed in 16s
[2026-08-29T08:22:56.862Z] [INFO] [217/500] call_717 (810c152e321b40dc) — API request started
[2026-08-29T08:23:10.861Z] [INFO] [217/500] call_717 — completed in 14s
[2026-08-29T08:23:10.861Z] [INFO] [218/500] call_718 (8113bf48659d4f74) — API request started
[2026-08-29T08:23:23.913Z] [INFO] [218/500] call_718 — completed in 13s
[2026-08-29T08:23:23.913Z] [INFO] [219/500] call_719 (819176a5510d4563) — API request started
[2026-08-29T08:23:34.585Z] [INFO] [219/500] call_719 — completed in 11s
[2026-08-29T08:23:34.586Z] [INFO] [220/500] call_720 (81bdcb567c784595) — API request started
[2026-08-29T08:23:49.750Z] [INFO] [220/500] call_720 — completed in 15s
[2026-08-29T08:23:49.750Z] [INFO] [221/500] call_721 (820d89effa024b5f) — API request started
[2026-08-29T08:24:09.898Z] [INFO] [221/500] call_721 — completed in 20s
[2026-08-29T08:24:09.899Z] [INFO] [222/500] call_722 (82372bc7bdfa4a69) — API request started
[2026-08-29T08:24:23.615Z] [INFO] [222/500] call_722 — completed in 14s
[2026-08-29T08:24:23.616Z] [INFO] [223/500] call_723 (826abe58d9c8465b) — API request started
[2026-08-29T08:24:39.151Z] [INFO] [223/500] call_723 — completed in 16s
[2026-08-29T08:24:39.151Z] [INFO] [224/500] call_724 (82739e6c1fef4e31) — API request started
[2026-08-29T08:24:55.976Z] [INFO] [224/500] call_724 — completed in 17s
[2026-08-29T08:24:55.977Z] [INFO] [225/500] call_725 (8277100f00f648b7) — API request started
[2026-08-29T08:25:15.309Z] [INFO] [225/500] call_725 — completed in 19s
[2026-08-29T08:25:15.309Z] [INFO] [226/500] call_726 (829c4b00e771411e) — API request started
[2026-08-29T08:25:33.679Z] [INFO] [226/500] call_726 — completed in 18s
[2026-08-29T08:25:33.680Z] [INFO] [227/500] call_727 (82b7a65ad7c64e67) — API request started
[2026-08-29T08:25:50.048Z] [INFO] [227/500] call_727 — completed in 16s
[2026-08-29T08:25:50.048Z] [INFO] [228/500] call_728 (82d1533ac49c4f36) — API request started
[2026-08-29T08:26:04.481Z] [INFO] [228/500] call_728 — completed in 14s
[2026-08-29T08:26:04.481Z] [INFO] [229/500] call_729 (82ed734d37fe4ee9) — API request started
[2026-08-29T08:26:19.098Z] [INFO] [229/500] call_729 — completed in 15s
[2026-08-29T08:26:19.099Z] [INFO] [230/500] call_730 (8335c1916f0f4a52) — API request started
[2026-08-29T08:26:32.642Z] [INFO] [230/500] call_730 — completed in 14s
[2026-08-29T08:26:32.643Z] [INFO] [231/500] call_731 (833a5c4ddf524e36) — API request started
[2026-08-29T08:26:48.393Z] [INFO] [231/500] call_731 — completed in 16s
[2026-08-29T08:26:48.393Z] [INFO] [232/500] call_732 (835227dd394d4b56) — API request started
[2026-08-29T08:27:01.203Z] [INFO] [232/500] call_732 — completed in 13s
[2026-08-29T08:27:01.204Z] [INFO] [233/500] call_733 (83dd44cab35f45aa) — API request started
[2026-08-29T08:27:13.379Z] [INFO] [233/500] call_733 — completed in 12s
[2026-08-29T08:27:13.379Z] [INFO] [234/500] call_734 (83e3786e1afc4c07) — API request started
[2026-08-29T08:27:25.363Z] [INFO] [234/500] call_734 — completed in 12s
[2026-08-29T08:27:25.363Z] [INFO] [235/500] call_735 (84525b85e14d41a2) — API request started
[2026-08-29T08:27:40.126Z] [INFO] [235/500] call_735 — completed in 15s
[2026-08-29T08:27:40.126Z] [INFO] [236/500] call_736 (84539e8f9a754bed) — API request started
[2026-08-29T08:27:50.964Z] [INFO] [236/500] call_736 — completed in 11s
[2026-08-29T08:27:50.965Z] [INFO] [237/500] call_737 (84ebc7b374f84d46) — API request started
[2026-08-29T08:28:02.029Z] [INFO] [237/500] call_737 — completed in 11s
[2026-08-29T08:28:02.030Z] [INFO] [238/500] call_738 (853defda4c2f4136) — API request started
[2026-08-29T08:28:18.131Z] [INFO] [238/500] call_738 — completed in 16s
[2026-08-29T08:28:18.132Z] [INFO] [239/500] call_739 (857c14a52873478b) — API request started
[2026-08-29T08:28:31.614Z] [INFO] [239/500] call_739 — completed in 13s
[2026-08-29T08:28:31.614Z] [INFO] [240/500] call_740 (85972c05b52c4c5e) — API request started
[2026-08-29T08:28:57.368Z] [INFO] [240/500] call_740 — completed in 26s
[2026-08-29T08:28:57.368Z] [INFO] [241/500] call_741 (85975aa175124cc7) — API request started
[2026-08-29T08:29:08.269Z] [INFO] [241/500] call_741 — completed in 11s
[2026-08-29T08:29:08.269Z] [INFO] [242/500] call_742 (85d289f1c3474fde) — API request started
[2026-08-29T08:29:21.195Z] [INFO] [242/500] call_742 — completed in 13s
[2026-08-29T08:29:21.196Z] [INFO] [243/500] call_743 (860290d8e7894876) — API request started
[2026-08-29T08:29:39.933Z] [INFO] [243/500] call_743 — completed in 19s
[2026-08-29T08:29:39.933Z] [INFO] [244/500] call_744 (86159507733e4995) — API request started
[2026-08-29T08:30:03.164Z] [INFO] [244/500] call_744 — completed in 23s
[2026-08-29T08:30:03.164Z] [INFO] [245/500] call_745 (866442488f044611) — API request started
[2026-08-29T08:30:15.395Z] [INFO] [245/500] call_745 — completed in 12s
[2026-08-29T08:30:15.397Z] [INFO] [246/500] call_746 (8675c08863224554) — API request started
[2026-08-29T08:30:29.082Z] [INFO] [246/500] call_746 — completed in 14s
[2026-08-29T08:30:29.082Z] [INFO] [247/500] call_747 (86a9526e3ab84835) — API request started
[2026-08-29T08:30:48.076Z] [INFO] [247/500] call_747 — completed in 19s
[2026-08-29T08:30:48.076Z] [INFO] [248/500] call_748 (86bed3d02b2d4ddb) — API request started
[2026-08-29T08:31:00.485Z] [INFO] [248/500] call_748 — completed in 12s
[2026-08-29T08:31:00.486Z] [INFO] [249/500] call_749 (86d619fb1bfe45e4) — API request started
[2026-08-29T08:31:15.516Z] [INFO] [249/500] call_749 — completed in 15s
[2026-08-29T08:31:15.516Z] [INFO] [250/500] call_750 (87815baeded649ca) — API request started
[2026-08-29T08:31:31.439Z] [INFO] [250/500] call_750 — completed in 16s
[2026-08-29T08:31:31.440Z] [INFO] [251/500] call_751 (87eea3fc332e4ce9) — API request started
[2026-08-29T08:31:45.797Z] [INFO] [251/500] call_751 — completed in 14s
[2026-08-29T08:31:45.797Z] [INFO] [252/500] call_752 (87f17b240f254feb) — API request started
[2026-08-29T08:31:58.543Z] [INFO] [252/500] call_752 — completed in 13s
[2026-08-29T08:31:58.543Z] [INFO] [253/500] call_753 (881602ec7ac94b3a) — API request started
[2026-08-29T08:32:10.053Z] [INFO] [253/500] call_753 — completed in 12s
[2026-08-29T08:32:10.054Z] [INFO] [254/500] call_754 (883b73f3badb4129) — API request started
[2026-08-29T08:32:24.888Z] [INFO] [254/500] call_754 — completed in 15s
[2026-08-29T08:32:24.888Z] [INFO] [255/500] call_755 (888bd7b42ab642f7) — API request started
[2026-08-29T08:32:42.202Z] [INFO] [255/500] call_755 — completed in 17s
[2026-08-29T08:32:42.202Z] [INFO] [256/500] call_756 (8911bfdf256341b9) — API request started
[2026-08-29T08:32:54.384Z] [INFO] [256/500] call_756 — completed in 12s
[2026-08-29T08:32:54.384Z] [INFO] [257/500] call_757 (8957f663f25f4494) — API request started
[2026-08-29T08:33:11.901Z] [INFO] [257/500] call_757 — completed in 18s
[2026-08-29T08:33:11.901Z] [INFO] [258/500] call_758 (8988d247ab294428) — API request started
[2026-08-29T08:33:33.607Z] [INFO] [258/500] call_758 — completed in 22s
[2026-08-29T08:33:33.607Z] [INFO] [259/500] call_759 (8998742ca3e14bed) — API request started
[2026-08-29T08:33:46.309Z] [INFO] [259/500] call_759 — completed in 13s
[2026-08-29T08:33:46.310Z] [INFO] [260/500] call_760 (89b82b3adc1841a0) — API request started
[2026-08-29T08:34:00.644Z] [INFO] [260/500] call_760 — completed in 14s
[2026-08-29T08:34:00.644Z] [INFO] [261/500] call_761 (89d7ef927d564b7f) — API request started
[2026-08-29T08:34:15.444Z] [INFO] [261/500] call_761 — completed in 15s
[2026-08-29T08:34:15.444Z] [INFO] [262/500] call_762 (89d9634760d54200) — API request started
[2026-08-29T08:34:31.368Z] [INFO] [262/500] call_762 — completed in 16s
[2026-08-29T08:34:31.369Z] [INFO] [263/500] call_763 (8a17bed3a6d84542) — API request started
[2026-08-29T08:34:46.649Z] [INFO] [263/500] call_763 — completed in 15s
[2026-08-29T08:34:46.649Z] [INFO] [264/500] call_764 (8a18ebba4c4b44a7) — API request started
[2026-08-29T08:35:00.136Z] [INFO] [264/500] call_764 — completed in 13s
[2026-08-29T08:35:00.136Z] [INFO] [265/500] call_765 (8a35803b1bb641f3) — API request started
[2026-08-29T08:35:15.615Z] [INFO] [265/500] call_765 — completed in 15s
[2026-08-29T08:35:15.615Z] [INFO] [266/500] call_766 (8a3807429ad34f82) — API request started
[2026-08-29T08:35:35.472Z] [INFO] [266/500] call_766 — completed in 20s
[2026-08-29T08:35:35.472Z] [INFO] [267/500] call_767 (8a68e840357e4c11) — API request started
[2026-08-29T08:35:48.274Z] [INFO] [267/500] call_767 — completed in 13s
[2026-08-29T08:35:48.274Z] [INFO] [268/500] call_768 (8a8dedf5663c46c5) — API request started
[2026-08-29T08:36:01.593Z] [INFO] [268/500] call_768 — completed in 13s
[2026-08-29T08:36:01.593Z] [INFO] [269/500] call_769 (8ad21811db5d4f47) — API request started
[2026-08-29T08:36:15.310Z] [INFO] [269/500] call_769 — completed in 14s
[2026-08-29T08:36:15.311Z] [INFO] [270/500] call_770 (8aece4c26a1a4768) — API request started
[2026-08-29T08:36:29.751Z] [INFO] [270/500] call_770 — completed in 14s
[2026-08-29T08:36:29.752Z] [INFO] [271/500] call_771 (8b04254fc6b447b1) — API request started
[2026-08-29T08:36:44.803Z] [INFO] [271/500] call_771 — completed in 15s
[2026-08-29T08:36:44.803Z] [INFO] [272/500] call_772 (8b0cbf261ecf4222) — API request started
[2026-08-29T08:37:00.057Z] [INFO] [272/500] call_772 — completed in 15s
[2026-08-29T08:37:00.057Z] [INFO] [273/500] call_773 (8b45f167c0b44b41) — API request started
[2026-08-29T08:37:11.095Z] [INFO] [273/500] call_773 — completed in 11s
[2026-08-29T08:37:11.096Z] [INFO] [274/500] call_774 (8baa1955cc7344a9) — API request started
[2026-08-29T08:37:30.880Z] [INFO] [274/500] call_774 — completed in 20s
[2026-08-29T08:37:30.881Z] [INFO] [275/500] call_775 (8bdc28ca2efb4354) — API request started
[2026-08-29T08:37:43.833Z] [INFO] [275/500] call_775 — completed in 13s
[2026-08-29T08:37:43.833Z] [INFO] [276/500] call_776 (8c5e1a4a863e4966) — API request started
[2026-08-29T08:37:59.757Z] [INFO] [276/500] call_776 — completed in 16s
[2026-08-29T08:37:59.757Z] [INFO] [277/500] call_777 (8c86097e491544df) — API request started
[2026-08-29T08:38:11.773Z] [INFO] [277/500] call_777 — completed in 12s
[2026-08-29T08:38:11.774Z] [INFO] [278/500] call_778 (8c8a5b0505d74c5d) — API request started
[2026-08-29T08:38:24.285Z] [INFO] [278/500] call_778 — completed in 13s
[2026-08-29T08:38:24.286Z] [INFO] [279/500] call_779 (8cee43b11a144b7d) — API request started
[2026-08-29T08:38:46.547Z] [INFO] [279/500] call_779 — completed in 22s
[2026-08-29T08:38:46.547Z] [INFO] [280/500] call_780 (8cfe2e3b741a4347) — API request started
[2026-08-29T08:38:59.061Z] [INFO] [280/500] call_780 — completed in 13s
[2026-08-29T08:38:59.062Z] [INFO] [281/500] call_781 (8d8196a6c9144088) — API request started
[2026-08-29T08:39:08.759Z] [INFO] [281/500] call_781 — completed in 10s
[2026-08-29T08:39:08.760Z] [INFO] [282/500] call_782 (8dc3b1d0ff114635) — API request started
[2026-08-29T08:39:24.254Z] [INFO] [282/500] call_782 — completed in 15s
[2026-08-29T08:39:24.254Z] [INFO] [283/500] call_783 (8dc862cc4206435f) — API request started
[2026-08-29T08:39:41.238Z] [INFO] [283/500] call_783 — completed in 17s
[2026-08-29T08:39:41.238Z] [INFO] [284/500] call_784 (8dd2af193c3e4a63) — API request started
[2026-08-29T08:39:58.662Z] [INFO] [284/500] call_784 — completed in 17s
[2026-08-29T08:39:58.662Z] [INFO] [285/500] call_785 (8e1abbcd52ea412a) — API request started
[2026-08-29T08:40:09.714Z] [INFO] [285/500] call_785 — completed in 11s
[2026-08-29T08:40:09.715Z] [INFO] [286/500] call_786 (8e5dc23cda704f79) — API request started
[2026-08-29T08:40:21.952Z] [INFO] [286/500] call_786 — completed in 12s
[2026-08-29T08:40:21.953Z] [INFO] [287/500] call_787 (8e5f2787249d463f) — API request started
[2026-08-29T08:40:42.168Z] [INFO] [287/500] call_787 — completed in 20s
[2026-08-29T08:40:42.168Z] [INFO] [288/500] call_788 (8ec1d5d89c794b2e) — API request started
[2026-08-29T08:40:57.941Z] [INFO] [288/500] call_788 — completed in 16s
[2026-08-29T08:40:57.941Z] [INFO] [289/500] call_789 (8ec3fc323a7a4764) — API request started
[2026-08-29T08:41:13.762Z] [INFO] [289/500] call_789 — completed in 16s
[2026-08-29T08:41:13.763Z] [INFO] [290/500] call_790 (8edb0f2db96e4b74) — API request started
[2026-08-29T08:41:32.956Z] [INFO] [290/500] call_790 — completed in 19s
[2026-08-29T08:41:32.957Z] [INFO] [291/500] call_791 (8eeef17781554682) — API request started
[2026-08-29T08:41:45.701Z] [INFO] [291/500] call_791 — completed in 13s
[2026-08-29T08:41:45.702Z] [INFO] [292/500] call_792 (8f06324f19e74075) — API request started
[2026-08-29T08:42:05.455Z] [INFO] [292/500] call_792 — completed in 20s
[2026-08-29T08:42:05.455Z] [INFO] [293/500] call_793 (8f097b48df464b37) — API request started
[2026-08-29T08:42:23.650Z] [INFO] [293/500] call_793 — completed in 18s
[2026-08-29T08:42:23.650Z] [INFO] [294/500] call_794 (8f6950f917b64319) — API request started
[2026-08-29T08:42:35.424Z] [INFO] [294/500] call_794 — completed in 12s
[2026-08-29T08:42:35.425Z] [INFO] [295/500] call_795 (9020939fbcad4f4a) — API request started
[2026-08-29T08:42:46.731Z] [INFO] [295/500] call_795 — completed in 11s
[2026-08-29T08:42:46.732Z] [INFO] [296/500] call_796 (90399597ca924861) — API request started
[2026-08-29T08:43:06.175Z] [INFO] [296/500] call_796 — completed in 19s
[2026-08-29T08:43:06.175Z] [INFO] [297/500] call_797 (904f3057a0cf496e) — API request started
[2026-08-29T08:43:21.629Z] [INFO] [297/500] call_797 — completed in 15s
[2026-08-29T08:43:21.629Z] [INFO] [298/500] call_798 (907e2a39de0440c4) — API request started
[2026-08-29T08:43:32.066Z] [INFO] [298/500] call_798 — completed in 10s
[2026-08-29T08:43:32.066Z] [INFO] [299/500] call_799 (9094b6900b204ba0) — API request started
[2026-08-29T08:43:48.452Z] [INFO] [299/500] call_799 — completed in 16s
[2026-08-29T08:43:48.452Z] [INFO] [300/500] call_800 (90b30529ff314064) — API request started
[2026-08-29T08:44:00.521Z] [INFO] [300/500] call_800 — completed in 12s
[2026-08-29T08:44:00.521Z] [INFO] [301/500] call_801 (90f28ae07ac34bbc) — API request started
[2026-08-29T08:44:16.874Z] [INFO] [301/500] call_801 — completed in 16s
[2026-08-29T08:44:16.875Z] [INFO] [302/500] call_802 (90f9d3b0cb29459a) — API request started
[2026-08-29T08:44:38.100Z] [INFO] [302/500] call_802 — completed in 21s
[2026-08-29T08:44:38.100Z] [INFO] [303/500] call_803 (9100bc599276485c) — API request started
[2026-08-29T08:44:52.182Z] [INFO] [303/500] call_803 — completed in 14s
[2026-08-29T08:44:52.182Z] [INFO] [304/500] call_804 (918871baf54c416f) — API request started
[2026-08-29T08:45:05.980Z] [INFO] [304/500] call_804 — completed in 14s
[2026-08-29T08:45:05.980Z] [INFO] [305/500] call_805 (91e70793246d40cb) — API request started
[2026-08-29T08:45:20.425Z] [INFO] [305/500] call_805 — completed in 14s
[2026-08-29T08:45:20.426Z] [INFO] [306/500] call_806 (921167ed897c4080) — API request started
[2026-08-29T08:45:34.415Z] [INFO] [306/500] call_806 — completed in 14s
[2026-08-29T08:45:34.415Z] [INFO] [307/500] call_807 (921a607e93e6473b) — API request started
[2026-08-29T08:45:49.755Z] [INFO] [307/500] call_807 — completed in 15s
[2026-08-29T08:45:49.755Z] [INFO] [308/500] call_808 (925ac203ecdc48f8) — API request started
[2026-08-29T08:46:06.675Z] [INFO] [308/500] call_808 — completed in 17s
[2026-08-29T08:46:06.675Z] [INFO] [309/500] call_809 (92795c5b89914372) — API request started
[2026-08-29T08:46:19.715Z] [INFO] [309/500] call_809 — completed in 13s
[2026-08-29T08:46:19.715Z] [INFO] [310/500] call_810 (92a144eddfcc4965) — API request started
[2026-08-29T08:46:33.597Z] [INFO] [310/500] call_810 — completed in 14s
[2026-08-29T08:46:33.597Z] [INFO] [311/500] call_811 (92c6ee27f8034d5d) — API request started
[2026-08-29T08:46:49.170Z] [INFO] [311/500] call_811 — completed in 16s
[2026-08-29T08:46:49.171Z] [INFO] [312/500] call_812 (92f32a1665c04695) — API request started
[2026-08-29T08:47:00.207Z] [INFO] [312/500] call_812 — completed in 11s
[2026-08-29T08:47:00.207Z] [INFO] [313/500] call_813 (93289e94fbd94d36) — API request started
[2026-08-29T08:47:15.487Z] [INFO] [313/500] call_813 — completed in 15s
[2026-08-29T08:47:15.487Z] [INFO] [314/500] call_814 (933cdd028242498d) — API request started
[2026-08-29T08:47:28.044Z] [INFO] [314/500] call_814 — completed in 13s
[2026-08-29T08:47:28.045Z] [INFO] [315/500] call_815 (93cb06ba09a342eb) — API request started
[2026-08-29T08:47:43.440Z] [INFO] [315/500] call_815 — completed in 15s
[2026-08-29T08:47:43.441Z] [INFO] [316/500] call_816 (93d34d72300b43f3) — API request started
[2026-08-29T08:47:59.722Z] [INFO] [316/500] call_816 — completed in 16s
[2026-08-29T08:47:59.723Z] [INFO] [317/500] call_817 (9409300a6ef34e35) — API request started
[2026-08-29T08:48:12.317Z] [INFO] [317/500] call_817 — completed in 13s
[2026-08-29T08:48:12.318Z] [INFO] [318/500] call_818 (942ed294709145b2) — API request started
[2026-08-29T08:48:26.034Z] [INFO] [318/500] call_818 — completed in 14s
[2026-08-29T08:48:26.034Z] [INFO] [319/500] call_819 (94fafe0f64b4492d) — API request started
[2026-08-29T08:48:41.708Z] [INFO] [319/500] call_819 — completed in 16s
[2026-08-29T08:48:41.708Z] [INFO] [320/500] call_820 (9530664946cb492a) — API request started
[2026-08-29T08:48:54.715Z] [INFO] [320/500] call_820 — completed in 13s
[2026-08-29T08:48:54.715Z] [INFO] [321/500] call_821 (9550d3827fea460d) — API request started
[2026-08-29T08:49:09.455Z] [INFO] [321/500] call_821 — completed in 15s
[2026-08-29T08:49:09.455Z] [INFO] [322/500] call_822 (955fff770619444e) — API request started
[2026-08-29T08:49:22.634Z] [INFO] [322/500] call_822 — completed in 13s
[2026-08-29T08:49:22.634Z] [INFO] [323/500] call_823 (95caff82c8c84650) — API request started
[2026-08-29T08:49:38.546Z] [INFO] [323/500] call_823 — completed in 16s
[2026-08-29T08:49:38.547Z] [INFO] [324/500] call_824 (95cce86cb5094959) — API request started
[2026-08-29T08:49:53.289Z] [INFO] [324/500] call_824 — completed in 15s
[2026-08-29T08:49:53.290Z] [INFO] [325/500] call_825 (95f48e5a77804d40) — API request started
[2026-08-29T08:50:11.563Z] [INFO] [325/500] call_825 — completed in 18s
[2026-08-29T08:50:11.564Z] [INFO] [326/500] call_826 (9633b09478814934) — API request started
[2026-08-29T08:50:27.223Z] [INFO] [326/500] call_826 — completed in 16s
[2026-08-29T08:50:27.224Z] [INFO] [327/500] call_827 (965c363674ad4915) — API request started
[2026-08-29T08:50:58.053Z] [INFO] [327/500] call_827 — completed in 31s
[2026-08-29T08:50:58.053Z] [INFO] [328/500] call_828 (9691bca74ef140d0) — API request started
[2026-08-29T08:51:13.626Z] [INFO] [328/500] call_828 — completed in 16s
[2026-08-29T08:51:13.626Z] [INFO] [329/500] call_829 (96c25385230d4172) — API request started
[2026-08-29T08:51:26.092Z] [INFO] [329/500] call_829 — completed in 12s
[2026-08-29T08:51:26.094Z] [INFO] [330/500] call_830 (96df6abbf66541a7) — API request started
[2026-08-29T08:51:42.972Z] [INFO] [330/500] call_830 — completed in 17s
[2026-08-29T08:51:42.973Z] [INFO] [331/500] call_831 (97073eb94e004260) — API request started
[2026-08-29T08:52:01.604Z] [INFO] [331/500] call_831 — completed in 19s
[2026-08-29T08:52:01.604Z] [INFO] [332/500] call_832 (973df585e05e4134) — API request started
[2026-08-29T08:52:18.409Z] [INFO] [332/500] call_832 — completed in 17s
[2026-08-29T08:52:18.409Z] [INFO] [333/500] call_833 (97ab5ce9ec0c425b) — API request started
[2026-08-29T08:52:28.651Z] [INFO] [333/500] call_833 — completed in 10s
[2026-08-29T08:52:28.652Z] [INFO] [334/500] call_834 (97adee5b6d7647a8) — API request started
[2026-08-29T08:52:40.414Z] [INFO] [334/500] call_834 — completed in 12s
[2026-08-29T08:52:40.415Z] [INFO] [335/500] call_835 (97eb76c92c124d47) — API request started
[2026-08-29T08:52:52.085Z] [INFO] [335/500] call_835 — completed in 12s
[2026-08-29T08:52:52.086Z] [INFO] [336/500] call_836 (9814144152a343fe) — API request started
[2026-08-29T08:53:10.789Z] [INFO] [336/500] call_836 — completed in 19s
[2026-08-29T08:53:10.790Z] [INFO] [337/500] call_837 (988e8d3c83f9431f) — API request started
[2026-08-29T08:53:23.526Z] [INFO] [337/500] call_837 — completed in 13s
[2026-08-29T08:53:23.526Z] [INFO] [338/500] call_838 (990ce528fcd24888) — API request started
[2026-08-29T08:53:40.422Z] [INFO] [338/500] call_838 — completed in 17s
[2026-08-29T08:53:40.422Z] [INFO] [339/500] call_839 (99265f6b11f0401f) — API request started
[2026-08-29T08:53:51.316Z] [INFO] [339/500] call_839 — completed in 11s
[2026-08-29T08:53:51.317Z] [INFO] [340/500] call_840 (9a2fac8101ef4a87) — API request started
[2026-08-29T08:54:07.469Z] [INFO] [340/500] call_840 — completed in 16s
[2026-08-29T08:54:07.469Z] [INFO] [341/500] call_841 (9a948bfbb01c42b0) — API request started
[2026-08-29T08:54:20.260Z] [INFO] [341/500] call_841 — completed in 13s
[2026-08-29T08:54:20.261Z] [INFO] [342/500] call_842 (9a9a0911d3f64de4) — API request started
[2026-08-29T08:54:31.500Z] [INFO] [342/500] call_842 — completed in 11s
[2026-08-29T08:54:31.500Z] [INFO] [343/500] call_843 (9aa0049ceb014720) — API request started
[2026-08-29T08:54:46.158Z] [INFO] [343/500] call_843 — completed in 15s
[2026-08-29T08:54:46.159Z] [INFO] [344/500] call_844 (9aaffb9ac967432e) — API request started
[2026-08-29T08:54:57.000Z] [INFO] [344/500] call_844 — completed in 11s
[2026-08-29T08:54:57.001Z] [INFO] [345/500] call_845 (9ac229beaf2c477d) — API request started
[2026-08-29T08:55:07.605Z] [INFO] [345/500] call_845 — completed in 11s
[2026-08-29T08:55:07.605Z] [INFO] [346/500] call_846 (9b0b42470e214526) — API request started
[2026-08-29T08:55:23.640Z] [INFO] [346/500] call_846 — completed in 16s
[2026-08-29T08:55:23.641Z] [INFO] [347/500] call_847 (9b35ddcb700e42db) — API request started
[2026-08-29T08:55:38.483Z] [INFO] [347/500] call_847 — completed in 15s
[2026-08-29T08:55:38.483Z] [INFO] [348/500] call_848 (9b8f95d0a59645d4) — API request started
[2026-08-29T08:55:53.115Z] [INFO] [348/500] call_848 — completed in 15s
[2026-08-29T08:55:53.116Z] [INFO] [349/500] call_849 (9b928d86009c463c) — API request started
[2026-08-29T08:56:03.891Z] [INFO] [349/500] call_849 — completed in 11s
[2026-08-29T08:56:03.892Z] [INFO] [350/500] call_850 (9bb3954b677242a8) — API request started
[2026-08-29T08:56:16.604Z] [INFO] [350/500] call_850 — completed in 13s
[2026-08-29T08:56:16.605Z] [INFO] [351/500] call_851 (9bca1a357bfd472a) — API request started
[2026-08-29T08:56:35.529Z] [INFO] [351/500] call_851 — completed in 19s
[2026-08-29T08:56:35.530Z] [INFO] [352/500] call_852 (9c3702da3ddb4c1f) — API request started
[2026-08-29T08:56:53.809Z] [INFO] [352/500] call_852 — completed in 18s
[2026-08-29T08:56:53.811Z] [INFO] [353/500] call_853 (9cb43a686be24226) — API request started
[2026-08-29T08:57:06.040Z] [INFO] [353/500] call_853 — completed in 12s
[2026-08-29T08:57:06.041Z] [INFO] [354/500] call_854 (9cdd9505f15f46f9) — API request started
[2026-08-29T08:57:17.821Z] [INFO] [354/500] call_854 — completed in 12s
[2026-08-29T08:57:17.821Z] [INFO] [355/500] call_855 (9cf604c1e31f4789) — API request started
[2026-08-29T08:57:34.108Z] [INFO] [355/500] call_855 — completed in 16s
[2026-08-29T08:57:34.109Z] [INFO] [356/500] call_856 (9cf86e12b47a4899) — API request started
[2026-08-29T08:57:48.639Z] [INFO] [356/500] call_856 — completed in 15s
[2026-08-29T08:57:48.640Z] [INFO] [357/500] call_857 (9d091117c14743a1) — API request started
[2026-08-29T08:58:01.630Z] [INFO] [357/500] call_857 — completed in 13s
[2026-08-29T08:58:01.630Z] [INFO] [358/500] call_858 (9d0cb87bc8144994) — API request started
[2026-08-29T08:58:13.320Z] [INFO] [358/500] call_858 — completed in 12s
[2026-08-29T08:58:13.320Z] [INFO] [359/500] call_859 (9d73e4ee8fb1425c) — API request started
[2026-08-29T08:58:27.863Z] [INFO] [359/500] call_859 — completed in 15s
[2026-08-29T08:58:27.863Z] [INFO] [360/500] call_860 (9d76538ae14b40f6) — API request started
[2026-08-29T08:58:39.944Z] [INFO] [360/500] call_860 — completed in 12s
[2026-08-29T08:58:39.945Z] [INFO] [361/500] call_861 (9d95586bb56b4e14) — API request started
[2026-08-29T08:58:54.248Z] [INFO] [361/500] call_861 — completed in 14s
[2026-08-29T08:58:54.249Z] [INFO] [362/500] call_862 (9dca21d153c64450) — API request started
[2026-08-29T08:59:13.945Z] [INFO] [362/500] call_862 — completed in 20s
[2026-08-29T08:59:13.946Z] [INFO] [363/500] call_863 (9de64546b2d84e71) — API request started
[2026-08-29T08:59:27.556Z] [INFO] [363/500] call_863 — completed in 14s
[2026-08-29T08:59:27.557Z] [INFO] [364/500] call_864 (9def501fc6e9495b) — API request started
[2026-08-29T08:59:40.152Z] [INFO] [364/500] call_864 — completed in 13s
[2026-08-29T08:59:40.153Z] [INFO] [365/500] call_865 (9df968ef6b6f4365) — API request started
[2026-08-29T08:59:53.980Z] [INFO] [365/500] call_865 — completed in 14s
[2026-08-29T08:59:53.981Z] [INFO] [366/500] call_866 (9e05bd9ca9564089) — API request started
[2026-08-29T09:00:03.791Z] [INFO] [366/500] call_866 — completed in 10s
[2026-08-29T09:00:03.792Z] [INFO] [367/500] call_867 (9e5db65a113841d8) — API request started
[2026-08-29T09:00:22.348Z] [INFO] [367/500] call_867 — completed in 19s
[2026-08-29T09:00:22.348Z] [INFO] [368/500] call_868 (9e9a215342ca4282) — API request started
[2026-08-29T09:00:35.866Z] [INFO] [368/500] call_868 — completed in 14s
[2026-08-29T09:00:35.867Z] [INFO] [369/500] call_869 (9eb15a1686224990) — API request started
[2026-08-29T09:00:54.090Z] [INFO] [369/500] call_869 — completed in 18s
[2026-08-29T09:00:54.091Z] [INFO] [370/500] call_870 (9ee1bd479c7c4925) — API request started
[2026-08-29T09:01:09.028Z] [INFO] [370/500] call_870 — completed in 15s
[2026-08-29T09:01:09.028Z] [INFO] [371/500] call_871 (9f35569dcca64832) — API request started
[2026-08-29T09:01:21.427Z] [INFO] [371/500] call_871 — completed in 12s
[2026-08-29T09:01:21.428Z] [INFO] [372/500] call_872 (9f390bad97c94dd9) — API request started
[2026-08-29T09:01:34.536Z] [INFO] [372/500] call_872 — completed in 13s
[2026-08-29T09:01:34.538Z] [INFO] [373/500] call_873 (9f8c21a361a34f45) — API request started
[2026-08-29T09:16:50.711Z] [ERROR] [373/500] call_873 — API FAILED: HTTP 400: fetch failed
[2026-08-29T09:16:50.711Z] [ERROR] Batch stopped on call_873. Completed in selected range: 372/500. No later calls were submitted.
[2026-08-29T10:21:26.158Z] [INFO] ========== Batch run started ==========
[2026-08-29T10:21:26.162Z] [INFO] Validating: /Users/sukesh/Documents/vrize/callradar-data/combined
[2026-08-29T10:21:26.213Z] [INFO] Validation passed: 128 call folder(s), call_873 through call_1000
[2026-08-29T10:21:26.214Z] [INFO] Already completed in selected range: 0
[2026-08-29T10:21:26.215Z] [INFO] Pending in selected range: 128
[2026-08-29T10:21:26.215Z] [INFO] Processing in this run: 128
[2026-08-29T10:21:26.215Z] [INFO] API: http://127.0.0.1:8894/audio/transcribe
[2026-08-29T10:21:26.215Z] [INFO] [1/128] call_873 (9f8c21a361a34f45) — API request started
[2026-08-29T10:22:09.842Z] [INFO] [1/128] call_873 — completed in 44s
[2026-08-29T10:22:09.843Z] [INFO] [2/128] call_874 (9fc86eb01ce54c55) — API request started
[2026-08-29T10:22:22.873Z] [INFO] [2/128] call_874 — completed in 13s
[2026-08-29T10:22:22.874Z] [INFO] [3/128] call_875 (a0249b277dba4fe9) — API request started
[2026-08-29T10:22:36.047Z] [INFO] [3/128] call_875 — completed in 13s
[2026-08-29T10:22:36.048Z] [INFO] [4/128] call_876 (a08e51a2dbc9405e) — API request started
[2026-08-29T10:22:47.952Z] [INFO] [4/128] call_876 — completed in 12s
[2026-08-29T10:22:47.952Z] [INFO] [5/128] call_877 (a0a4c4175a354a22) — API request started
[2026-08-29T10:23:00.216Z] [INFO] [5/128] call_877 — completed in 12s
[2026-08-29T10:23:00.217Z] [INFO] [6/128] call_878 (a0ad43203a5c40f0) — API request started
[2026-08-29T10:23:18.738Z] [INFO] [6/128] call_878 — completed in 19s
[2026-08-29T10:23:18.739Z] [INFO] [7/128] call_879 (a104c589566d46fd) — API request started
[2026-08-29T10:23:37.405Z] [INFO] [7/128] call_879 — completed in 19s
[2026-08-29T10:23:37.407Z] [INFO] [8/128] call_880 (a10987dfcf9e4a49) — API request started
[2026-08-29T10:23:49.694Z] [INFO] [8/128] call_880 — completed in 12s
[2026-08-29T10:23:49.695Z] [INFO] [9/128] call_881 (a146841906c54d2f) — API request started
[2026-08-29T10:24:04.423Z] [INFO] [9/128] call_881 — completed in 15s
[2026-08-29T10:24:04.424Z] [INFO] [10/128] call_882 (a148b8570ca14c8d) — API request started
[2026-08-29T10:24:26.150Z] [INFO] [10/128] call_882 — completed in 22s
[2026-08-29T10:24:26.151Z] [INFO] [11/128] call_883 (a1f1c6bd31c44167) — API request started
[2026-08-29T10:24:39.425Z] [INFO] [11/128] call_883 — completed in 13s
[2026-08-29T10:24:39.426Z] [INFO] [12/128] call_884 (a264289509744373) — API request started
[2026-08-29T10:24:50.357Z] [INFO] [12/128] call_884 — completed in 11s
[2026-08-29T10:24:50.358Z] [INFO] [13/128] call_885 (a28af719fef2475f) — API request started
[2026-08-29T10:25:22.040Z] [INFO] [13/128] call_885 — completed in 32s
[2026-08-29T10:25:22.040Z] [INFO] [14/128] call_886 (a2ab1c96a775448b) — API request started
[2026-08-29T10:25:32.057Z] [INFO] [14/128] call_886 — completed in 10s
[2026-08-29T10:25:32.058Z] [INFO] [15/128] call_887 (a2be909cc7804fd6) — API request started
[2026-08-29T10:25:49.261Z] [INFO] [15/128] call_887 — completed in 17s
[2026-08-29T10:25:49.265Z] [INFO] [16/128] call_888 (a2c916e7b1134988) — API request started
[2026-08-29T10:26:03.131Z] [INFO] [16/128] call_888 — completed in 14s
[2026-08-29T10:26:03.132Z] [INFO] [17/128] call_889 (a2f086d27b3a4f96) — API request started
[2026-08-29T10:26:18.440Z] [INFO] [17/128] call_889 — completed in 15s
[2026-08-29T10:26:18.441Z] [INFO] [18/128] call_890 (a2f80d5ae9034e56) — API request started
[2026-08-29T10:26:39.569Z] [INFO] [18/128] call_890 — completed in 21s
[2026-08-29T10:26:39.570Z] [INFO] [19/128] call_891 (a3153ae339f14321) — API request started
[2026-08-29T10:26:52.012Z] [INFO] [19/128] call_891 — completed in 12s
[2026-08-29T10:26:52.013Z] [INFO] [20/128] call_892 (a3189cfd3bce48d4) — API request started
[2026-08-29T10:27:04.257Z] [INFO] [20/128] call_892 — completed in 12s
[2026-08-29T10:27:04.260Z] [INFO] [21/128] call_893 (a31d5f1a5f5b4515) — API request started
[2026-08-29T10:27:21.867Z] [INFO] [21/128] call_893 — completed in 18s
[2026-08-29T10:27:21.867Z] [INFO] [22/128] call_894 (a3373dc5e99443b4) — API request started
[2026-08-29T10:27:36.795Z] [INFO] [22/128] call_894 — completed in 15s
[2026-08-29T10:27:36.796Z] [INFO] [23/128] call_895 (a35cc473b91f4de0) — API request started
[2026-08-29T10:27:52.245Z] [INFO] [23/128] call_895 — completed in 15s
[2026-08-29T10:27:52.246Z] [INFO] [24/128] call_896 (a3627d66f6d44dcc) — API request started
[2026-08-29T10:28:05.990Z] [INFO] [24/128] call_896 — completed in 14s
[2026-08-29T10:28:05.991Z] [INFO] [25/128] call_897 (a368bf82b0684adb) — API request started
[2026-08-29T10:28:21.569Z] [INFO] [25/128] call_897 — completed in 16s
[2026-08-29T10:28:21.569Z] [INFO] [26/128] call_898 (a3980352013548b8) — API request started
[2026-08-29T10:28:38.352Z] [INFO] [26/128] call_898 — completed in 17s
[2026-08-29T10:28:38.353Z] [INFO] [27/128] call_899 (a3fd3ddb15784865) — API request started
[2026-08-29T10:28:47.828Z] [ERROR] [27/128] call_899 — API FAILED: socket hang up
[2026-08-29T10:28:47.828Z] [ERROR] Batch stopped on call_899. Completed in selected range: 26/128. No later calls were submitted.
[2026-08-29T10:50:52.804Z] [INFO] ========== Batch run started ==========
[2026-08-29T10:50:52.808Z] [INFO] Validating: /Users/sukesh/Documents/vrize/callradar-data/combined
[2026-08-29T10:50:52.853Z] [INFO] Validation passed: 102 call folder(s), call_899 through call_1000
[2026-08-29T10:50:52.854Z] [INFO] Already completed in selected range: 0
[2026-08-29T10:50:52.854Z] [INFO] Pending in selected range: 102
[2026-08-29T10:50:52.855Z] [INFO] Processing in this run: 102
[2026-08-29T10:50:52.855Z] [INFO] API: http://127.0.0.1:8894/audio/transcribe
[2026-08-29T10:50:52.855Z] [INFO] [1/102] call_899 (a3fd3ddb15784865) — API request started
[2026-08-29T10:51:28.189Z] [INFO] [1/102] call_899 — completed in 35s
[2026-08-29T10:51:28.189Z] [INFO] [2/102] call_900 (a40a1510383b43e0) — API request started
[2026-08-29T10:51:40.068Z] [INFO] [2/102] call_900 — completed in 12s
[2026-08-29T10:51:40.068Z] [INFO] [3/102] call_901 (a4180acd1dc644ca) — API request started
[2026-08-29T10:51:56.559Z] [INFO] [3/102] call_901 — completed in 16s
[2026-08-29T10:51:56.560Z] [INFO] [4/102] call_902 (a44d9c3988aa483d) — API request started
[2026-08-29T10:52:09.356Z] [INFO] [4/102] call_902 — completed in 13s
[2026-08-29T10:52:09.357Z] [INFO] [5/102] call_903 (a48484835f124993) — API request started
[2026-08-29T10:52:20.468Z] [INFO] [5/102] call_903 — completed in 11s
[2026-08-29T10:52:20.468Z] [INFO] [6/102] call_904 (a494700a3bd144a9) — API request started
[2026-08-29T10:52:32.076Z] [INFO] [6/102] call_904 — completed in 12s
[2026-08-29T10:52:32.076Z] [INFO] [7/102] call_905 (a4985edc40f0411b) — API request started
[2026-08-29T10:52:47.122Z] [INFO] [7/102] call_905 — completed in 15s
[2026-08-29T10:52:47.122Z] [INFO] [8/102] call_906 (a4986aa355e54d9d) — API request started
[2026-08-29T10:53:04.127Z] [INFO] [8/102] call_906 — completed in 17s
[2026-08-29T10:53:04.127Z] [INFO] [9/102] call_907 (a4f14d58480c4b0a) — API request started
[2026-08-29T10:53:19.790Z] [INFO] [9/102] call_907 — completed in 16s
[2026-08-29T10:53:19.791Z] [INFO] [10/102] call_908 (a5293a1024d040d5) — API request started
[2026-08-29T10:53:32.085Z] [INFO] [10/102] call_908 — completed in 12s
[2026-08-29T10:53:32.085Z] [INFO] [11/102] call_909 (a5356a0569c14b0a) — API request started
[2026-08-29T10:53:45.506Z] [INFO] [11/102] call_909 — completed in 13s
[2026-08-29T10:53:45.506Z] [INFO] [12/102] call_910 (a554d05175f64f1f) — API request started
[2026-08-29T10:54:06.514Z] [INFO] [12/102] call_910 — completed in 21s
[2026-08-29T10:54:06.518Z] [INFO] [13/102] call_911 (a559fb95cf3e4b1a) — API request started
[2026-08-29T10:54:19.612Z] [INFO] [13/102] call_911 — completed in 13s
[2026-08-29T10:54:19.612Z] [INFO] [14/102] call_912 (a594044b42fc41a7) — API request started
[2026-08-29T10:54:36.021Z] [INFO] [14/102] call_912 — completed in 16s
[2026-08-29T10:54:36.022Z] [INFO] [15/102] call_913 (a599810d66914ba2) — API request started
[2026-08-29T10:54:49.725Z] [INFO] [15/102] call_913 — completed in 14s
[2026-08-29T10:54:49.725Z] [INFO] [16/102] call_914 (a5a6fdcf3c2541eb) — API request started
[2026-08-29T10:55:05.895Z] [INFO] [16/102] call_914 — completed in 16s
[2026-08-29T10:55:05.895Z] [INFO] [17/102] call_915 (a5ded9fec089468f) — API request started
[2026-08-29T10:55:21.250Z] [INFO] [17/102] call_915 — completed in 15s
[2026-08-29T10:55:21.251Z] [INFO] [18/102] call_916 (a6064e589c1943b2) — API request started
[2026-08-29T10:55:34.930Z] [INFO] [18/102] call_916 — completed in 14s
[2026-08-29T10:55:34.931Z] [INFO] [19/102] call_917 (a65d6d27c9dd442d) — API request started
[2026-08-29T10:55:47.687Z] [INFO] [19/102] call_917 — completed in 13s
[2026-08-29T10:55:47.688Z] [INFO] [20/102] call_918 (a6602646adab42d7) — API request started
[2026-08-29T10:55:59.980Z] [INFO] [20/102] call_918 — completed in 12s
[2026-08-29T10:55:59.981Z] [INFO] [21/102] call_919 (a6c7f11e1c4d4673) — API request started
[2026-08-29T10:56:12.968Z] [INFO] [21/102] call_919 — completed in 13s
[2026-08-29T10:56:12.969Z] [INFO] [22/102] call_920 (a710797449904cc4) — API request started
[2026-08-29T10:56:30.384Z] [INFO] [22/102] call_920 — completed in 17s
[2026-08-29T10:56:30.385Z] [INFO] [23/102] call_921 (a74e068aac714026) — API request started
[2026-08-29T10:56:41.829Z] [INFO] [23/102] call_921 — completed in 11s
[2026-08-29T10:56:41.829Z] [INFO] [24/102] call_922 (a76dab667e474999) — API request started
[2026-08-29T10:56:54.127Z] [INFO] [24/102] call_922 — completed in 12s
[2026-08-29T10:56:54.128Z] [INFO] [25/102] call_923 (a772d31ad3e64f6c) — API request started
[2026-08-29T10:57:05.103Z] [INFO] [25/102] call_923 — completed in 11s
[2026-08-29T10:57:05.104Z] [INFO] [26/102] call_924 (a7a7d37628c14327) — API request started
[2026-08-29T10:57:22.401Z] [INFO] [26/102] call_924 — completed in 17s
[2026-08-29T10:57:22.401Z] [INFO] [27/102] call_925 (a7ccc3379af44b9f) — API request started
[2026-08-29T10:57:39.934Z] [INFO] [27/102] call_925 — completed in 18s
[2026-08-29T10:57:39.937Z] [INFO] [28/102] call_926 (a7e68ef6398f43b8) — API request started
[2026-08-29T10:57:53.287Z] [INFO] [28/102] call_926 — completed in 13s
[2026-08-29T10:57:53.288Z] [INFO] [29/102] call_927 (a7e9590d31ce4142) — API request started
[2026-08-29T10:58:06.744Z] [INFO] [29/102] call_927 — completed in 13s
[2026-08-29T10:58:06.745Z] [INFO] [30/102] call_928 (a7f49e30b332420c) — API request started
[2026-08-29T10:58:17.017Z] [INFO] [30/102] call_928 — completed in 10s
[2026-08-29T10:58:17.018Z] [INFO] [31/102] call_929 (a81d06d3ad99495d) — API request started
[2026-08-29T10:58:39.286Z] [INFO] [31/102] call_929 — completed in 22s
[2026-08-29T10:58:39.287Z] [INFO] [32/102] call_930 (a82280eaf71d4835) — API request started
[2026-08-29T10:58:53.540Z] [INFO] [32/102] call_930 — completed in 14s
[2026-08-29T10:58:53.541Z] [INFO] [33/102] call_931 (a83afcd7b3184051) — API request started
[2026-08-29T10:59:04.757Z] [INFO] [33/102] call_931 — completed in 11s
[2026-08-29T10:59:04.758Z] [INFO] [34/102] call_932 (a87b0c9e1a1f4f52) — API request started
[2026-08-29T10:59:20.449Z] [INFO] [34/102] call_932 — completed in 16s
[2026-08-29T10:59:20.450Z] [INFO] [35/102] call_933 (a8ac1e4444e34a26) — API request started
[2026-08-29T10:59:40.120Z] [INFO] [35/102] call_933 — completed in 20s
[2026-08-29T10:59:40.121Z] [INFO] [36/102] call_934 (a9028351210c4463) — API request started
[2026-08-29T10:59:52.147Z] [INFO] [36/102] call_934 — completed in 12s
[2026-08-29T10:59:52.148Z] [INFO] [37/102] call_935 (a91c6f97b7ea4a3e) — API request started
[2026-08-29T11:00:06.035Z] [INFO] [37/102] call_935 — completed in 14s
[2026-08-29T11:00:06.046Z] [INFO] [38/102] call_936 (a91caf8b80184018) — API request started
[2026-08-29T11:00:23.177Z] [INFO] [38/102] call_936 — completed in 17s
[2026-08-29T11:00:23.178Z] [INFO] [39/102] call_937 (a92098ccb422434c) — API request started
[2026-08-29T11:00:38.699Z] [INFO] [39/102] call_937 — completed in 16s
[2026-08-29T11:00:38.700Z] [INFO] [40/102] call_938 (a98496363d844726) — API request started
[2026-08-29T11:00:54.909Z] [INFO] [40/102] call_938 — completed in 16s
[2026-08-29T11:00:54.910Z] [INFO] [41/102] call_939 (a999d956e52c4635) — API request started
[2026-08-29T11:01:09.523Z] [INFO] [41/102] call_939 — completed in 15s
[2026-08-29T11:01:09.523Z] [INFO] [42/102] call_940 (a9a4c4369ee1470b) — API request started
[2026-08-29T11:01:21.612Z] [INFO] [42/102] call_940 — completed in 12s
[2026-08-29T11:01:21.612Z] [INFO] [43/102] call_941 (a9bbd4867b444670) — API request started
[2026-08-29T11:01:37.580Z] [INFO] [43/102] call_941 — completed in 16s
[2026-08-29T11:01:37.581Z] [INFO] [44/102] call_942 (a9d903d9823b49c3) — API request started
[2026-08-29T11:01:51.894Z] [INFO] [44/102] call_942 — completed in 14s
[2026-08-29T11:01:51.895Z] [INFO] [45/102] call_943 (a9e3c325f4fd47de) — API request started
[2026-08-29T11:02:06.362Z] [INFO] [45/102] call_943 — completed in 14s
[2026-08-29T11:02:06.363Z] [INFO] [46/102] call_944 (a9ee422cc94d445f) — API request started
[2026-08-29T11:02:21.951Z] [INFO] [46/102] call_944 — completed in 16s
[2026-08-29T11:02:21.956Z] [INFO] [47/102] call_945 (aa1687a4edfb46c3) — API request started
[2026-08-29T11:02:36.778Z] [INFO] [47/102] call_945 — completed in 15s
[2026-08-29T11:02:36.779Z] [INFO] [48/102] call_946 (aa7cbc7934ac4de9) — API request started
[2026-08-29T11:02:50.998Z] [INFO] [48/102] call_946 — completed in 14s
[2026-08-29T11:02:50.999Z] [INFO] [49/102] call_947 (aa91ca8a1a9044f1) — API request started
[2026-08-29T11:03:15.471Z] [INFO] [49/102] call_947 — completed in 24s
[2026-08-29T11:03:15.472Z] [INFO] [50/102] call_948 (aa97f26cd73b41ae) — API request started
[2026-08-29T11:03:31.950Z] [INFO] [50/102] call_948 — completed in 16s
[2026-08-29T11:03:31.951Z] [INFO] [51/102] call_949 (ab01d059e33a44aa) — API request started
[2026-08-29T11:03:46.037Z] [INFO] [51/102] call_949 — completed in 14s
[2026-08-29T11:03:46.041Z] [INFO] [52/102] call_950 (ab1046eca328465d) — API request started
[2026-08-29T11:04:01.063Z] [INFO] [52/102] call_950 — completed in 15s
[2026-08-29T11:04:01.064Z] [INFO] [53/102] call_951 (ab511343f4b14243) — API request started
[2026-08-29T11:04:14.463Z] [INFO] [53/102] call_951 — completed in 13s
[2026-08-29T11:04:14.464Z] [INFO] [54/102] call_952 (ab64763a0eae4f58) — API request started
[2026-08-29T11:04:26.444Z] [INFO] [54/102] call_952 — completed in 12s
[2026-08-29T11:04:26.449Z] [INFO] [55/102] call_953 (ac13ce69964b49c9) — API request started
[2026-08-29T11:04:44.984Z] [INFO] [55/102] call_953 — completed in 19s
[2026-08-29T11:04:44.984Z] [INFO] [56/102] call_954 (ac13dada05ef46dc) — API request started
[2026-08-29T11:04:59.824Z] [INFO] [56/102] call_954 — completed in 15s
[2026-08-29T11:04:59.825Z] [INFO] [57/102] call_955 (ac5ba0e9d69d4fa0) — API request started
[2026-08-29T11:05:10.658Z] [INFO] [57/102] call_955 — completed in 11s
[2026-08-29T11:05:10.659Z] [INFO] [58/102] call_956 (ac67696b171c446a) — API request started
[2026-08-29T11:05:22.304Z] [INFO] [58/102] call_956 — completed in 12s
[2026-08-29T11:05:22.305Z] [INFO] [59/102] call_957 (acbc626e57a14862) — API request started
[2026-08-29T11:05:39.425Z] [INFO] [59/102] call_957 — completed in 17s
[2026-08-29T11:05:39.425Z] [INFO] [60/102] call_958 (ace1f28842c54bb6) — API request started
[2026-08-29T11:05:51.806Z] [INFO] [60/102] call_958 — completed in 12s
[2026-08-29T11:05:51.806Z] [INFO] [61/102] call_959 (ad58ae88aa2c4b2a) — API request started
[2026-08-29T11:06:03.377Z] [INFO] [61/102] call_959 — completed in 12s
[2026-08-29T11:06:03.378Z] [INFO] [62/102] call_960 (ad97ae16985c4656) — API request started
[2026-08-29T11:06:17.814Z] [INFO] [62/102] call_960 — completed in 14s
[2026-08-29T11:06:17.815Z] [INFO] [63/102] call_961 (ada8e8780baa4a5a) — API request started
[2026-08-29T11:06:31.333Z] [INFO] [63/102] call_961 — completed in 14s
[2026-08-29T11:06:31.333Z] [INFO] [64/102] call_962 (adb74308f1cb4da0) — API request started
[2026-08-29T11:06:45.712Z] [INFO] [64/102] call_962 — completed in 14s
[2026-08-29T11:06:45.713Z] [INFO] [65/102] call_963 (af3c017ad8be424c) — API request started
[2026-08-29T11:06:59.498Z] [INFO] [65/102] call_963 — completed in 14s
[2026-08-29T11:06:59.498Z] [INFO] [66/102] call_964 (afb7d9d557ff4767) — API request started
[2026-08-29T11:07:12.924Z] [INFO] [66/102] call_964 — completed in 13s
[2026-08-29T11:07:12.925Z] [INFO] [67/102] call_965 (afc7c8c882574919) — API request started
[2026-08-29T11:17:10.488Z] [ERROR] [67/102] call_965 — API FAILED: HTTP 400: fetch failed
[2026-08-29T11:17:10.488Z] [ERROR] Batch stopped on call_965. Completed in selected range: 66/102. No later calls were submitted.
[2026-08-29T11:43:04.846Z] [INFO] ========== Batch run started ==========
[2026-08-29T11:43:04.850Z] [INFO] Validating: /Users/sukesh/Documents/vrize/callradar-data/combined
[2026-08-29T11:43:04.873Z] [INFO] Validation passed: 36 call folder(s), call_965 through call_1000
[2026-08-29T11:43:04.874Z] [INFO] Already completed in selected range: 0
[2026-08-29T11:43:04.874Z] [INFO] Pending in selected range: 36
[2026-08-29T11:43:04.874Z] [INFO] Processing in this run: 36
[2026-08-29T11:43:04.874Z] [INFO] API: http://127.0.0.1:8894/audio/transcribe
[2026-08-29T11:43:04.874Z] [INFO] [1/36] call_965 (afc7c8c882574919) — API request started
[2026-08-29T11:43:43.292Z] [INFO] [1/36] call_965 — completed in 38s
[2026-08-29T11:43:43.292Z] [INFO] [2/36] call_966 (b00da561e3cd4783) — API request started
[2026-08-29T11:43:54.514Z] [INFO] [2/36] call_966 — completed in 11s
[2026-08-29T11:43:54.514Z] [INFO] [3/36] call_967 (b0463e9f98644499) — API request started
[2026-08-29T11:44:06.530Z] [INFO] [3/36] call_967 — completed in 12s
[2026-08-29T11:44:06.530Z] [INFO] [4/36] call_968 (b08aa4e85f94447a) — API request started
[2026-08-29T11:44:20.246Z] [INFO] [4/36] call_968 — completed in 14s
[2026-08-29T11:44:20.246Z] [INFO] [5/36] call_969 (b0aa1feedb524b80) — API request started
[2026-08-29T11:44:30.581Z] [INFO] [5/36] call_969 — completed in 10s
[2026-08-29T11:44:30.581Z] [INFO] [6/36] call_970 (b0bf0c23e0cf4a44) — API request started
[2026-08-29T11:44:44.509Z] [INFO] [6/36] call_970 — completed in 14s
[2026-08-29T11:44:44.509Z] [INFO] [7/36] call_971 (b0cde049789541df) — API request started
[2026-08-29T11:45:06.117Z] [INFO] [7/36] call_971 — completed in 22s
[2026-08-29T11:45:06.118Z] [INFO] [8/36] call_972 (b0ce9d4b1a2e4684) — API request started
[2026-08-29T11:45:19.384Z] [INFO] [8/36] call_972 — completed in 13s
[2026-08-29T11:45:19.384Z] [INFO] [9/36] call_973 (b0ced65122b441a8) — API request started
[2026-08-29T12:46:06.932Z] [ERROR] [9/36] call_973 — API FAILED: HTTP 400: fetch failed
[2026-08-29T12:46:06.932Z] [ERROR] Batch stopped on call_973. Completed in selected range: 8/36. No later calls were submitted.
[2026-08-29T17:31:44.129Z] [INFO] ========== Batch run started ==========
[2026-08-29T17:31:44.133Z] [INFO] Validating: /Users/sukesh/Documents/vrize/callradar-data/combined
[2026-08-29T17:31:44.155Z] [INFO] Validation passed: 28 call folder(s), call_973 through call_1000
[2026-08-29T17:31:44.156Z] [INFO] Already completed in selected range: 0
[2026-08-29T17:31:44.156Z] [INFO] Pending in selected range: 28
[2026-08-29T17:31:44.156Z] [INFO] Processing in this run: 28
[2026-08-29T17:31:44.157Z] [INFO] API: http://127.0.0.1:8894/audio/transcribe
[2026-08-29T17:31:44.157Z] [INFO] [1/28] call_973 (b0ced65122b441a8) — API request started
[2026-08-29T17:32:27.564Z] [INFO] [1/28] call_973 — completed in 43s
[2026-08-29T17:32:27.565Z] [INFO] [2/28] call_974 (b0d63ed287c04649) — API request started
[2026-08-29T17:32:40.916Z] [INFO] [2/28] call_974 — completed in 13s
[2026-08-29T17:32:40.917Z] [INFO] [3/28] call_975 (b0f1de4ca8034c52) — API request started
[2026-08-29T17:32:57.861Z] [INFO] [3/28] call_975 — completed in 17s
[2026-08-29T17:32:57.861Z] [INFO] [4/28] call_976 (b128303556b04652) — API request started
[2026-08-29T17:33:14.729Z] [INFO] [4/28] call_976 — completed in 17s
[2026-08-29T17:33:14.730Z] [INFO] [5/28] call_977 (b1449bfa64e9488f) — API request started
[2026-08-29T17:33:33.617Z] [INFO] [5/28] call_977 — completed in 19s
[2026-08-29T17:33:33.620Z] [INFO] [6/28] call_978 (b155c4d7079043d4) — API request started
[2026-08-29T17:33:45.086Z] [INFO] [6/28] call_978 — completed in 11s
[2026-08-29T17:33:45.086Z] [INFO] [7/28] call_979 (b163bc57c2f04245) — API request started
[2026-08-29T17:34:02.069Z] [INFO] [7/28] call_979 — completed in 17s
[2026-08-29T17:34:02.070Z] [INFO] [8/28] call_980 (b18cc9bbd3e44f4d) — API request started
[2026-08-29T17:34:18.238Z] [INFO] [8/28] call_980 — completed in 16s
[2026-08-29T17:34:18.239Z] [INFO] [9/28] call_981 (b1e612c3c2ff404a) — API request started
[2026-08-29T17:34:36.154Z] [INFO] [9/28] call_981 — completed in 18s
[2026-08-29T17:34:36.155Z] [INFO] [10/28] call_982 (b1efd1434c3e454c) — API request started
[2026-08-29T17:34:49.813Z] [INFO] [10/28] call_982 — completed in 14s
[2026-08-29T17:34:49.815Z] [INFO] [11/28] call_983 (b22af168c2f94cd6) — API request started
[2026-08-29T17:35:00.418Z] [INFO] [11/28] call_983 — completed in 11s
[2026-08-29T17:35:00.418Z] [INFO] [12/28] call_984 (b24554b7ce5e4ae5) — API request started
[2026-08-29T17:35:16.820Z] [INFO] [12/28] call_984 — completed in 16s
[2026-08-29T17:35:16.820Z] [INFO] [13/28] call_985 (b26fc74885b44573) — API request started
[2026-08-29T17:35:32.698Z] [INFO] [13/28] call_985 — completed in 16s
[2026-08-29T17:35:32.699Z] [INFO] [14/28] call_986 (b27be4f95fb04a53) — API request started
[2026-08-29T17:35:46.674Z] [INFO] [14/28] call_986 — completed in 14s
[2026-08-29T17:35:46.674Z] [INFO] [15/28] call_987 (b3cd48f1fc864de0) — API request started
[2026-08-29T17:36:01.590Z] [INFO] [15/28] call_987 — completed in 15s
[2026-08-29T17:36:01.591Z] [INFO] [16/28] call_988 (b448021d143f4a37) — API request started
[2026-08-29T17:36:20.902Z] [INFO] [16/28] call_988 — completed in 19s
[2026-08-29T17:36:20.902Z] [INFO] [17/28] call_989 (b45c6623866c4106) — API request started
[2026-08-29T17:36:32.254Z] [INFO] [17/28] call_989 — completed in 11s
[2026-08-29T17:36:32.257Z] [INFO] [18/28] call_990 (b4a6dd4f65d146ed) — API request started
[2026-08-29T17:36:45.095Z] [INFO] [18/28] call_990 — completed in 13s
[2026-08-29T17:36:45.097Z] [INFO] [19/28] call_991 (b4a76b81d570416d) — API request started
[2026-08-29T17:37:05.876Z] [INFO] [19/28] call_991 — completed in 21s
[2026-08-29T17:37:05.876Z] [INFO] [20/28] call_992 (b4ca3121958c4f5f) — API request started
[2026-08-29T17:37:18.783Z] [INFO] [20/28] call_992 — completed in 13s
[2026-08-29T17:37:18.784Z] [INFO] [21/28] call_993 (b4ef1ad133ae4cf3) — API request started
[2026-08-29T17:37:37.489Z] [INFO] [21/28] call_993 — completed in 19s
[2026-08-29T17:37:37.489Z] [INFO] [22/28] call_994 (b52620d0e1d146e9) — API request started
[2026-08-29T17:37:47.531Z] [INFO] [22/28] call_994 — completed in 10s
[2026-08-29T17:37:47.532Z] [INFO] [23/28] call_995 (b56c086396214120) — API request started
[2026-08-29T17:37:59.068Z] [INFO] [23/28] call_995 — completed in 12s
[2026-08-29T17:37:59.069Z] [INFO] [24/28] call_996 (b573807db8444542) — API request started
[2026-08-29T17:38:16.051Z] [INFO] [24/28] call_996 — completed in 17s
[2026-08-29T17:38:16.056Z] [INFO] [25/28] call_997 (b5a6887e59e94187) — API request started
[2026-08-29T17:38:31.085Z] [INFO] [25/28] call_997 — completed in 15s
[2026-08-29T17:38:31.086Z] [INFO] [26/28] call_998 (b5dd84ea59704a84) — API request started
[2026-08-29T17:38:46.015Z] [INFO] [26/28] call_998 — completed in 15s
[2026-08-29T17:38:46.015Z] [INFO] [27/28] call_999 (b5f55c1e289a44b5) — API request started
[2026-08-29T17:39:02.722Z] [INFO] [27/28] call_999 — completed in 17s
[2026-08-29T17:39:02.723Z] [INFO] [28/28] call_1000 (b5fc317806214afd) — API request started
[2026-08-29T17:39:16.766Z] [INFO] [28/28] call_1000 — completed in 14s
[2026-08-29T17:39:16.766Z] [INFO] Batch finished successfully. Completed in selected range: 28/28.
[2026-08-29T17:42:48.118Z] [INFO] ========== Batch run started ==========
[2026-08-29T17:42:48.123Z] [INFO] Validating: /Users/sukesh/Documents/vrize/callradar-data/combined
[2026-08-29T17:42:48.262Z] [INFO] Validation passed: 400 call folder(s), call_1001 through call_1400
[2026-08-29T17:42:48.263Z] [INFO] Already completed in selected range: 0
[2026-08-29T17:42:48.264Z] [INFO] Pending in selected range: 400
[2026-08-29T17:42:48.264Z] [INFO] Processing in this run: 400
[2026-08-29T17:42:48.264Z] [INFO] API: http://127.0.0.1:8894/audio/transcribe
[2026-08-29T17:42:48.264Z] [INFO] [1/400] call_1001 (b687b15dc439420a) — API request started
[2026-08-29T17:43:06.736Z] [INFO] [1/400] call_1001 — completed in 18s
[2026-08-29T17:43:06.736Z] [INFO] [2/400] call_1002 (b6f7fd72eb7d4a9f) — API request started
[2026-08-29T17:43:25.435Z] [INFO] [2/400] call_1002 — completed in 19s
[2026-08-29T17:43:25.436Z] [INFO] [3/400] call_1003 (b711d5c6db68429b) — API request started
[2026-08-29T17:43:37.092Z] [INFO] [3/400] call_1003 — completed in 12s
[2026-08-29T17:43:37.093Z] [INFO] [4/400] call_1004 (b732044bde7c45f3) — API request started
[2026-08-29T17:43:53.190Z] [INFO] [4/400] call_1004 — completed in 16s
[2026-08-29T17:43:53.190Z] [INFO] [5/400] call_1005 (b73ee827c2794c29) — API request started
[2026-08-29T17:44:09.913Z] [INFO] [5/400] call_1005 — completed in 17s
[2026-08-29T17:44:09.913Z] [INFO] [6/400] call_1006 (b73ef10f696a4c5c) — API request started
[2026-08-29T17:44:26.880Z] [INFO] [6/400] call_1006 — completed in 17s
[2026-08-29T17:44:26.880Z] [INFO] [7/400] call_1007 (b7b9d7de704e4f2a) — API request started
[2026-08-29T17:44:42.873Z] [INFO] [7/400] call_1007 — completed in 16s
[2026-08-29T17:44:42.873Z] [INFO] [8/400] call_1008 (b7f850be27384a8c) — API request started
[2026-08-29T17:44:54.373Z] [INFO] [8/400] call_1008 — completed in 11s
[2026-08-29T17:44:54.373Z] [INFO] [9/400] call_1009 (b8103a521e78469f) — API request started
[2026-08-29T17:45:08.566Z] [INFO] [9/400] call_1009 — completed in 14s
[2026-08-29T17:45:08.567Z] [INFO] [10/400] call_1010 (b835d5c1702843e0) — API request started
[2026-08-29T17:45:21.988Z] [INFO] [10/400] call_1010 — completed in 13s
[2026-08-29T17:45:21.988Z] [INFO] [11/400] call_1011 (b89513c2327e4057) — API request started
[2026-08-29T17:45:49.634Z] [INFO] [11/400] call_1011 — completed in 28s
[2026-08-29T17:45:49.635Z] [INFO] [12/400] call_1012 (b89e73e455fa4aa7) — API request started
[2026-08-29T17:46:01.532Z] [INFO] [12/400] call_1012 — completed in 12s
[2026-08-29T17:46:01.532Z] [INFO] [13/400] call_1013 (b8d228edce684b93) — API request started
[2026-08-29T17:46:13.702Z] [INFO] [13/400] call_1013 — completed in 12s
[2026-08-29T17:46:13.703Z] [INFO] [14/400] call_1014 (b8d8f6398e934303) — API request started
[2026-08-29T17:46:23.603Z] [INFO] [14/400] call_1014 — completed in 10s
[2026-08-29T17:46:23.603Z] [INFO] [15/400] call_1015 (b99375041f8240b5) — API request started
[2026-08-29T17:46:38.773Z] [INFO] [15/400] call_1015 — completed in 15s
[2026-08-29T17:46:38.774Z] [INFO] [16/400] call_1016 (b9ee5c9a3bda445f) — API request started
[2026-08-29T17:46:56.954Z] [INFO] [16/400] call_1016 — completed in 18s
[2026-08-29T17:46:56.955Z] [INFO] [17/400] call_1017 (b9f2e4b1237e4420) — API request started
[2026-08-29T17:47:09.415Z] [INFO] [17/400] call_1017 — completed in 12s
[2026-08-29T17:47:09.415Z] [INFO] [18/400] call_1018 (ba08e797ca9e4019) — API request started
[2026-08-29T17:47:38.677Z] [INFO] [18/400] call_1018 — completed in 29s
[2026-08-29T17:47:38.677Z] [INFO] [19/400] call_1019 (ba42a770ed4748f9) — API request started
[2026-08-29T17:47:55.888Z] [INFO] [19/400] call_1019 — completed in 17s
[2026-08-29T17:47:55.888Z] [INFO] [20/400] call_1020 (ba9e51ee1de14ca2) — API request started
[2026-08-29T17:48:11.510Z] [INFO] [20/400] call_1020 — completed in 16s
[2026-08-29T17:48:11.511Z] [INFO] [21/400] call_1021 (baa0f3c10e164e10) — API request started
[2026-08-29T17:48:23.211Z] [INFO] [21/400] call_1021 — completed in 12s
[2026-08-29T17:48:23.211Z] [INFO] [22/400] call_1022 (baaf10de0223430c) — API request started
[2026-08-29T17:48:41.129Z] [INFO] [22/400] call_1022 — completed in 18s
[2026-08-29T17:48:41.130Z] [INFO] [23/400] call_1023 (bab5dcf340054d2f) — API request started
[2026-08-29T17:48:58.166Z] [INFO] [23/400] call_1023 — completed in 17s
[2026-08-29T17:48:58.167Z] [INFO] [24/400] call_1024 (bac2c83be1de44d4) — API request started
[2026-08-29T17:49:08.624Z] [INFO] [24/400] call_1024 — completed in 10s
[2026-08-29T17:49:08.624Z] [INFO] [25/400] call_1025 (baf690f545cb44ee) — API request started
[2026-08-29T17:49:24.546Z] [INFO] [25/400] call_1025 — completed in 16s
[2026-08-29T17:49:24.546Z] [INFO] [26/400] call_1026 (bb5e525ef95f48ba) — API request started
[2026-08-29T17:49:36.227Z] [INFO] [26/400] call_1026 — completed in 12s
[2026-08-29T17:49:36.227Z] [INFO] [27/400] call_1027 (bb8436df76584a81) — API request started
[2026-08-29T17:49:49.345Z] [INFO] [27/400] call_1027 — completed in 13s
[2026-08-29T17:49:49.345Z] [INFO] [28/400] call_1028 (bb9fda54a22344cd) — API request started
[2026-08-29T17:50:06.500Z] [INFO] [28/400] call_1028 — completed in 17s
[2026-08-29T17:50:06.501Z] [INFO] [29/400] call_1029 (bbb7e5ca5dd74ca4) — API request started
[2026-08-29T17:50:18.131Z] [INFO] [29/400] call_1029 — completed in 12s
[2026-08-29T17:50:18.131Z] [INFO] [30/400] call_1030 (bbc7cf4a15684422) — API request started
[2026-08-29T17:50:30.317Z] [INFO] [30/400] call_1030 — completed in 12s
[2026-08-29T17:50:30.318Z] [INFO] [31/400] call_1031 (bc1ef2f0cb2e46ec) — API request started
[2026-08-29T17:50:43.245Z] [INFO] [31/400] call_1031 — completed in 13s
[2026-08-29T17:50:43.246Z] [INFO] [32/400] call_1032 (bc37015f4b7346f7) — API request started
[2026-08-29T17:50:53.425Z] [INFO] [32/400] call_1032 — completed in 10s
[2026-08-29T17:50:53.426Z] [INFO] [33/400] call_1033 (bc622458f93540e5) — API request started
[2026-08-29T17:51:07.690Z] [INFO] [33/400] call_1033 — completed in 14s
[2026-08-29T17:51:07.691Z] [INFO] [34/400] call_1034 (bcc69e644ea447bb) — API request started
[2026-08-29T17:51:19.887Z] [INFO] [34/400] call_1034 — completed in 12s
[2026-08-29T17:51:19.887Z] [INFO] [35/400] call_1035 (bd1885106f1e481a) — API request started
[2026-08-29T17:51:33.379Z] [INFO] [35/400] call_1035 — completed in 13s
[2026-08-29T17:51:33.379Z] [INFO] [36/400] call_1036 (bd1a5ab3f60e4078) — API request started
[2026-08-29T17:51:53.555Z] [INFO] [36/400] call_1036 — completed in 20s
[2026-08-29T17:51:53.555Z] [INFO] [37/400] call_1037 (bd8441a13c134ed1) — API request started
[2026-08-29T17:52:09.773Z] [INFO] [37/400] call_1037 — completed in 16s
[2026-08-29T17:52:09.773Z] [INFO] [38/400] call_1038 (bd91fb7fe6ee488c) — API request started
[2026-08-29T17:52:24.074Z] [INFO] [38/400] call_1038 — completed in 14s
[2026-08-29T17:52:24.075Z] [INFO] [39/400] call_1039 (bde702421d444ad8) — API request started
[2026-08-29T17:52:35.106Z] [INFO] [39/400] call_1039 — completed in 11s
[2026-08-29T17:52:35.106Z] [INFO] [40/400] call_1040 (be2d6d342666451c) — API request started
[2026-08-29T17:52:45.756Z] [INFO] [40/400] call_1040 — completed in 11s
[2026-08-29T17:52:45.756Z] [INFO] [41/400] call_1041 (be8f1de32d544c60) — API request started
[2026-08-29T17:53:04.827Z] [INFO] [41/400] call_1041 — completed in 19s
[2026-08-29T17:53:04.828Z] [INFO] [42/400] call_1042 (bec1600f7b1a4a91) — API request started
[2026-08-29T17:53:17.709Z] [INFO] [42/400] call_1042 — completed in 13s
[2026-08-29T17:53:17.709Z] [INFO] [43/400] call_1043 (bec4381e471b41d7) — API request started
[2026-08-29T17:53:35.140Z] [INFO] [43/400] call_1043 — completed in 17s
[2026-08-29T17:53:35.141Z] [INFO] [44/400] call_1044 (beffb3d54798461b) — API request started
[2026-08-29T17:53:48.562Z] [INFO] [44/400] call_1044 — completed in 13s
[2026-08-29T17:53:48.563Z] [INFO] [45/400] call_1045 (bf53ac45a3154f6a) — API request started
[2026-08-29T17:54:01.758Z] [INFO] [45/400] call_1045 — completed in 13s
[2026-08-29T17:54:01.759Z] [INFO] [46/400] call_1046 (bf8ddd774f8240da) — API request started
[2026-08-29T17:54:14.958Z] [INFO] [46/400] call_1046 — completed in 13s
[2026-08-29T17:54:14.959Z] [INFO] [47/400] call_1047 (bf9bbd2aec6149fc) — API request started
[2026-08-29T17:54:27.556Z] [INFO] [47/400] call_1047 — completed in 13s
[2026-08-29T17:54:27.557Z] [INFO] [48/400] call_1048 (bf9ed900871f4b34) — API request started
[2026-08-29T17:54:37.882Z] [INFO] [48/400] call_1048 — completed in 10s
[2026-08-29T17:54:37.883Z] [INFO] [49/400] call_1049 (bfa8ce4fd9044d55) — API request started
[2026-08-29T17:54:52.450Z] [INFO] [49/400] call_1049 — completed in 15s
[2026-08-29T17:54:52.451Z] [INFO] [50/400] call_1050 (c026a81022514035) — API request started
[2026-08-29T17:55:05.768Z] [INFO] [50/400] call_1050 — completed in 13s
[2026-08-29T17:55:05.768Z] [INFO] [51/400] call_1051 (c029585f654642b1) — API request started
[2026-08-29T17:55:29.108Z] [INFO] [51/400] call_1051 — completed in 23s
[2026-08-29T17:55:29.109Z] [INFO] [52/400] call_1052 (c031f167796f43b2) — API request started
[2026-08-29T17:55:41.706Z] [INFO] [52/400] call_1052 — completed in 13s
[2026-08-29T17:55:41.706Z] [INFO] [53/400] call_1053 (c0447b166ea3407b) — API request started
[2026-08-29T17:55:55.762Z] [INFO] [53/400] call_1053 — completed in 14s
[2026-08-29T17:55:55.763Z] [INFO] [54/400] call_1054 (c0458915afad401d) — API request started
[2026-08-29T17:56:08.866Z] [INFO] [54/400] call_1054 — completed in 13s
[2026-08-29T17:56:08.869Z] [INFO] [55/400] call_1055 (c0914d2dc25a4dcc) — API request started
[2026-08-29T17:56:27.762Z] [INFO] [55/400] call_1055 — completed in 19s
[2026-08-29T17:56:27.762Z] [INFO] [56/400] call_1056 (c09408163cb14e39) — API request started
[2026-08-29T17:56:42.045Z] [INFO] [56/400] call_1056 — completed in 14s
[2026-08-29T17:56:42.046Z] [INFO] [57/400] call_1057 (c0a7af7222e64ea3) — API request started
[2026-08-29T17:56:55.941Z] [INFO] [57/400] call_1057 — completed in 14s
[2026-08-29T17:56:55.942Z] [INFO] [58/400] call_1058 (c0c8d261058841ac) — API request started
[2026-08-29T17:57:08.878Z] [INFO] [58/400] call_1058 — completed in 13s
[2026-08-29T17:57:08.879Z] [INFO] [59/400] call_1059 (c1083bab505a4a39) — API request started
[2026-08-29T17:57:21.455Z] [INFO] [59/400] call_1059 — completed in 13s
[2026-08-29T17:57:21.455Z] [INFO] [60/400] call_1060 (c10a08cda68d46b0) — API request started
[2026-08-29T17:57:34.319Z] [INFO] [60/400] call_1060 — completed in 13s
[2026-08-29T17:57:34.319Z] [INFO] [61/400] call_1061 (c1135c97d74640e9) — API request started
[2026-08-29T17:57:48.577Z] [INFO] [61/400] call_1061 — completed in 14s
[2026-08-29T17:57:48.578Z] [INFO] [62/400] call_1062 (c11d31269624428e) — API request started
[2026-08-29T17:58:01.485Z] [INFO] [62/400] call_1062 — completed in 13s
[2026-08-29T17:58:01.486Z] [INFO] [63/400] call_1063 (c1418433a5af47c3) — API request started
[2026-08-29T17:58:15.614Z] [INFO] [63/400] call_1063 — completed in 14s
[2026-08-29T17:58:15.615Z] [INFO] [64/400] call_1064 (c15574c69e6c4c33) — API request started
[2026-08-29T17:58:30.898Z] [INFO] [64/400] call_1064 — completed in 15s
[2026-08-29T17:58:30.899Z] [INFO] [65/400] call_1065 (c1966d07c4214cb4) — API request started
[2026-08-29T17:58:43.148Z] [INFO] [65/400] call_1065 — completed in 12s
[2026-08-29T17:58:43.148Z] [INFO] [66/400] call_1066 (c1a1eb6f4a474b02) — API request started
[2026-08-29T17:58:57.434Z] [INFO] [66/400] call_1066 — completed in 14s
[2026-08-29T17:58:57.435Z] [INFO] [67/400] call_1067 (c1c1da0004d74ff2) — API request started
[2026-08-29T17:59:13.791Z] [INFO] [67/400] call_1067 — completed in 16s
[2026-08-29T17:59:13.791Z] [INFO] [68/400] call_1068 (c1f0267915f942c3) — API request started
[2026-08-29T17:59:28.417Z] [INFO] [68/400] call_1068 — completed in 15s
[2026-08-29T17:59:28.417Z] [INFO] [69/400] call_1069 (c1f4f57688504916) — API request started
[2026-08-29T17:59:52.346Z] [INFO] [69/400] call_1069 — completed in 24s
[2026-08-29T17:59:52.347Z] [INFO] [70/400] call_1070 (c225e283373349a1) — API request started
[2026-08-29T18:00:10.650Z] [INFO] [70/400] call_1070 — completed in 18s
[2026-08-29T18:00:10.651Z] [INFO] [71/400] call_1071 (c22fbea305e4496a) — API request started
[2026-08-29T18:00:20.718Z] [INFO] [71/400] call_1071 — completed in 10s
[2026-08-29T18:00:20.718Z] [INFO] [72/400] call_1072 (c238ce8eb83c4e1b) — API request started
[2026-08-29T18:00:36.417Z] [INFO] [72/400] call_1072 — completed in 16s
[2026-08-29T18:00:36.417Z] [INFO] [73/400] call_1073 (c25fd844f623416a) — API request started
[2026-08-29T18:00:47.977Z] [INFO] [73/400] call_1073 — completed in 12s
[2026-08-29T18:00:47.977Z] [INFO] [74/400] call_1074 (c27bf08bf43f4703) — API request started
[2026-08-29T18:01:00.057Z] [INFO] [74/400] call_1074 — completed in 12s
[2026-08-29T18:01:00.058Z] [INFO] [75/400] call_1075 (c2b01425faa64e14) — API request started
[2026-08-29T18:01:15.643Z] [INFO] [75/400] call_1075 — completed in 16s
[2026-08-29T18:01:15.643Z] [INFO] [76/400] call_1076 (c3412e0ae8e940df) — API request started
[2026-08-29T18:01:32.023Z] [INFO] [76/400] call_1076 — completed in 16s
[2026-08-29T18:01:32.023Z] [INFO] [77/400] call_1077 (c36951016d304e14) — API request started
[2026-08-29T18:01:45.431Z] [INFO] [77/400] call_1077 — completed in 13s
[2026-08-29T18:01:45.432Z] [INFO] [78/400] call_1078 (c38d04b8b0404ccf) — API request started
[2026-08-29T18:02:04.107Z] [INFO] [78/400] call_1078 — completed in 19s
[2026-08-29T18:02:04.108Z] [INFO] [79/400] call_1079 (c3b701fb74bb4472) — API request started
[2026-08-29T18:02:35.647Z] [INFO] [79/400] call_1079 — completed in 32s
[2026-08-29T18:02:35.648Z] [INFO] [80/400] call_1080 (c3c82a852df240bc) — API request started
[2026-08-29T18:02:47.478Z] [INFO] [80/400] call_1080 — completed in 12s
[2026-08-29T18:02:47.479Z] [INFO] [81/400] call_1081 (c415244fab0a4ff2) — API request started
[2026-08-29T18:03:00.402Z] [INFO] [81/400] call_1081 — completed in 13s
[2026-08-29T18:03:00.404Z] [INFO] [82/400] call_1082 (c4613a7320d4494a) — API request started
[2026-08-29T18:03:19.456Z] [INFO] [82/400] call_1082 — completed in 19s
[2026-08-29T18:03:19.457Z] [INFO] [83/400] call_1083 (c4859cd40b154b43) — API request started
[2026-08-29T18:03:45.073Z] [INFO] [83/400] call_1083 — completed in 26s
[2026-08-29T18:03:45.073Z] [INFO] [84/400] call_1084 (c4c6806bc1934221) — API request started
[2026-08-29T18:03:59.384Z] [INFO] [84/400] call_1084 — completed in 14s
[2026-08-29T18:03:59.385Z] [INFO] [85/400] call_1085 (c4edd79b9d6a4022) — API request started
[2026-08-29T18:04:11.145Z] [INFO] [85/400] call_1085 — completed in 12s
[2026-08-29T18:04:11.145Z] [INFO] [86/400] call_1086 (c4f7b548283745da) — API request started
[2026-08-29T18:04:23.341Z] [INFO] [86/400] call_1086 — completed in 12s
[2026-08-29T18:04:23.342Z] [INFO] [87/400] call_1087 (c4fdb9e2dbe34a02) — API request started
[2026-08-29T18:04:34.477Z] [INFO] [87/400] call_1087 — completed in 11s
[2026-08-29T18:04:34.477Z] [INFO] [88/400] call_1088 (c50e135133ff467f) — API request started
[2026-08-29T18:04:49.769Z] [INFO] [88/400] call_1088 — completed in 15s
[2026-08-29T18:04:49.769Z] [INFO] [89/400] call_1089 (c52e19c6dc534868) — API request started
[2026-08-29T18:05:02.453Z] [INFO] [89/400] call_1089 — completed in 13s
[2026-08-29T18:05:02.454Z] [INFO] [90/400] call_1090 (c590ed10c1b541d8) — API request started
[2026-08-29T18:05:16.267Z] [INFO] [90/400] call_1090 — completed in 14s
[2026-08-29T18:05:16.267Z] [INFO] [91/400] call_1091 (c5baf2f218c94d74) — API request started
[2026-08-29T18:05:31.166Z] [INFO] [91/400] call_1091 — completed in 15s
[2026-08-29T18:05:31.166Z] [INFO] [92/400] call_1092 (c5d69577db844820) — API request started
[2026-08-29T18:05:44.125Z] [INFO] [92/400] call_1092 — completed in 13s
[2026-08-29T18:05:44.125Z] [INFO] [93/400] call_1093 (c5df21a0ebbe42e2) — API request started
[2026-08-29T18:05:56.301Z] [INFO] [93/400] call_1093 — completed in 12s
[2026-08-29T18:05:56.301Z] [INFO] [94/400] call_1094 (c5e087e0e18e4aba) — API request started
[2026-08-29T18:06:10.946Z] [INFO] [94/400] call_1094 — completed in 15s
[2026-08-29T18:06:10.947Z] [INFO] [95/400] call_1095 (c60fabf7109340bb) — API request started
[2026-08-29T18:06:24.538Z] [INFO] [95/400] call_1095 — completed in 14s
[2026-08-29T18:06:24.539Z] [INFO] [96/400] call_1096 (c6165c93317c47f4) — API request started
[2026-08-29T18:06:38.318Z] [INFO] [96/400] call_1096 — completed in 14s
[2026-08-29T18:06:38.319Z] [INFO] [97/400] call_1097 (c61e3cfe5d06456f) — API request started
[2026-08-29T18:06:51.655Z] [INFO] [97/400] call_1097 — completed in 13s
[2026-08-29T18:06:51.655Z] [INFO] [98/400] call_1098 (c6816079a5f541f8) — API request started
[2026-08-29T18:07:01.512Z] [INFO] [98/400] call_1098 — completed in 10s
[2026-08-29T18:07:01.513Z] [INFO] [99/400] call_1099 (c69f79a726944e27) — API request started
[2026-08-29T18:07:14.667Z] [INFO] [99/400] call_1099 — completed in 13s
[2026-08-29T18:07:14.667Z] [INFO] [100/400] call_1100 (c6ad92d1b69d4fe3) — API request started
[2026-08-29T18:07:27.399Z] [INFO] [100/400] call_1100 — completed in 13s
[2026-08-29T18:07:27.399Z] [INFO] [101/400] call_1101 (c6b9b0802f0248c7) — API request started
[2026-08-29T18:07:40.454Z] [INFO] [101/400] call_1101 — completed in 13s
[2026-08-29T18:07:40.454Z] [INFO] [102/400] call_1102 (c6d38106fc874d99) — API request started
[2026-08-29T18:07:53.160Z] [INFO] [102/400] call_1102 — completed in 13s
[2026-08-29T18:07:53.160Z] [INFO] [103/400] call_1103 (c701da30adc24c9b) — API request started
[2026-08-29T18:08:04.302Z] [INFO] [103/400] call_1103 — completed in 11s
[2026-08-29T18:08:04.302Z] [INFO] [104/400] call_1104 (c72092461bb343e2) — API request started
[2026-08-29T18:08:15.369Z] [INFO] [104/400] call_1104 — completed in 11s
[2026-08-29T18:08:15.369Z] [INFO] [105/400] call_1105 (c726382c74ac41aa) — API request started
[2026-08-29T18:08:26.372Z] [ERROR] [105/400] call_1105 — API FAILED: socket hang up
[2026-08-29T18:08:26.372Z] [ERROR] Batch stopped on call_1105. Completed in selected range: 104/400. No later calls were submitted.
[2026-08-30T07:43:48.135Z] [INFO] ========== Batch run started ==========
[2026-08-30T07:43:48.139Z] [INFO] Validating: /Users/sukesh/Documents/vrize/callradar-data/combined
[2026-08-30T07:43:48.243Z] [INFO] Validation passed: 296 call folder(s), call_1105 through call_1400
[2026-08-30T07:43:48.244Z] [INFO] Already completed in selected range: 0
[2026-08-30T07:43:48.244Z] [INFO] Pending in selected range: 296
[2026-08-30T07:43:48.244Z] [INFO] Processing in this run: 296
[2026-08-30T07:43:48.244Z] [INFO] API: http://127.0.0.1:8894/audio/transcribe
[2026-08-30T07:43:48.244Z] [INFO] [1/296] call_1105 (c726382c74ac41aa) — API request started
[2026-08-30T07:43:48.291Z] [ERROR] [1/296] call_1105 — API FAILED: HTTP 500: connect ECONNREFUSED 127.0.0.1:5432
[2026-08-30T07:43:48.291Z] [ERROR] Batch stopped on call_1105. Completed in selected range: 0/296. No later calls were submitted.
[2026-08-30T07:44:10.354Z] [INFO] ========== Batch run started ==========
[2026-08-30T07:44:10.358Z] [INFO] Validating: /Users/sukesh/Documents/vrize/callradar-data/combined
[2026-08-30T07:44:10.408Z] [INFO] Validation passed: 296 call folder(s), call_1105 through call_1400
[2026-08-30T07:44:10.409Z] [INFO] Already completed in selected range: 0
[2026-08-30T07:44:10.409Z] [INFO] Pending in selected range: 296
[2026-08-30T07:44:10.409Z] [INFO] Processing in this run: 296
[2026-08-30T07:44:10.409Z] [INFO] API: http://127.0.0.1:8894/audio/transcribe
[2026-08-30T07:44:10.409Z] [INFO] [1/296] call_1105 (c726382c74ac41aa) — API request started
[2026-08-30T07:44:10.445Z] [ERROR] [1/296] call_1105 — API FAILED: HTTP 500: connect ECONNREFUSED 127.0.0.1:5432
[2026-08-30T07:44:10.445Z] [ERROR] Batch stopped on call_1105. Completed in selected range: 0/296. No later calls were submitted.
[2026-08-30T07:44:39.421Z] [INFO] ========== Batch run started ==========
[2026-08-30T07:44:39.425Z] [INFO] Validating: /Users/sukesh/Documents/vrize/callradar-data/combined
[2026-08-30T07:44:39.498Z] [INFO] Validation passed: 296 call folder(s), call_1105 through call_1400
[2026-08-30T07:44:39.499Z] [INFO] Already completed in selected range: 0
[2026-08-30T07:44:39.499Z] [INFO] Pending in selected range: 296
[2026-08-30T07:44:39.499Z] [INFO] Processing in this run: 296
[2026-08-30T07:44:39.500Z] [INFO] API: http://127.0.0.1:8894/audio/transcribe
[2026-08-30T07:44:39.500Z] [INFO] [1/296] call_1105 (c726382c74ac41aa) — API request started
[2026-08-30T07:45:18.769Z] [INFO] [1/296] call_1105 — completed in 39s
[2026-08-30T07:45:18.770Z] [INFO] [2/296] call_1106 (c76ac58aa5f5438b) — API request started
[2026-08-30T07:45:35.181Z] [INFO] [2/296] call_1106 — completed in 16s
[2026-08-30T07:45:35.182Z] [INFO] [3/296] call_1107 (c775d3f5dc5a4978) — API request started
[2026-08-30T07:45:46.583Z] [INFO] [3/296] call_1107 — completed in 11s
[2026-08-30T07:45:46.584Z] [INFO] [4/296] call_1108 (c790f1f30ac346bb) — API request started
[2026-08-30T07:46:00.948Z] [INFO] [4/296] call_1108 — completed in 14s
[2026-08-30T07:46:00.950Z] [INFO] [5/296] call_1109 (c7fcb44d08ad427e) — API request started
[2026-08-30T07:46:17.972Z] [INFO] [5/296] call_1109 — completed in 17s
[2026-08-30T07:46:17.972Z] [INFO] [6/296] call_1110 (c839ba684e804672) — API request started
[2026-08-30T07:46:35.058Z] [INFO] [6/296] call_1110 — completed in 17s
[2026-08-30T07:46:35.058Z] [INFO] [7/296] call_1111 (c841b727aadb4ef8) — API request started
[2026-08-30T07:46:52.268Z] [INFO] [7/296] call_1111 — completed in 17s
[2026-08-30T07:46:52.270Z] [INFO] [8/296] call_1112 (c846f4fdc0d04046) — API request started
[2026-08-30T07:47:06.711Z] [INFO] [8/296] call_1112 — completed in 14s
[2026-08-30T07:47:06.712Z] [INFO] [9/296] call_1113 (c86cc884bb494c1a) — API request started
[2026-08-30T07:47:20.173Z] [INFO] [9/296] call_1113 — completed in 13s
[2026-08-30T07:47:20.173Z] [INFO] [10/296] call_1114 (c8bb710ae62d4566) — API request started
[2026-08-30T07:47:33.358Z] [INFO] [10/296] call_1114 — completed in 13s
[2026-08-30T07:47:33.358Z] [INFO] [11/296] call_1115 (c8f689a95a2a4235) — API request started
[2026-08-30T07:47:48.601Z] [INFO] [11/296] call_1115 — completed in 15s
[2026-08-30T07:47:48.601Z] [INFO] [12/296] call_1116 (c90d3e280dc84237) — API request started
[2026-08-30T07:48:07.638Z] [INFO] [12/296] call_1116 — completed in 19s
[2026-08-30T07:48:07.639Z] [INFO] [13/296] call_1117 (c92ff1e075644ad5) — API request started
[2026-08-30T07:48:22.587Z] [INFO] [13/296] call_1117 — completed in 15s
[2026-08-30T07:48:22.588Z] [INFO] [14/296] call_1118 (c990bc43ed5b4f9f) — API request started
[2026-08-30T07:48:35.587Z] [INFO] [14/296] call_1118 — completed in 13s
[2026-08-30T07:48:35.587Z] [INFO] [15/296] call_1119 (c9b3b74ede4f4125) — API request started
[2026-08-30T07:48:50.110Z] [INFO] [15/296] call_1119 — completed in 15s
[2026-08-30T07:48:50.110Z] [INFO] [16/296] call_1120 (c9e2d32aa8f24b71) — API request started
[2026-08-30T07:49:02.911Z] [INFO] [16/296] call_1120 — completed in 13s
[2026-08-30T07:49:02.912Z] [INFO] [17/296] call_1121 (ca1d8c563f944242) — API request started
[2026-08-30T07:49:16.728Z] [INFO] [17/296] call_1121 — completed in 14s
[2026-08-30T07:49:16.729Z] [INFO] [18/296] call_1122 (ca29f82756e94751) — API request started
[2026-08-30T07:49:36.807Z] [INFO] [18/296] call_1122 — completed in 20s
[2026-08-30T07:49:36.807Z] [INFO] [19/296] call_1123 (ca2f61d1fbd74667) — API request started
[2026-08-30T07:49:50.660Z] [INFO] [19/296] call_1123 — completed in 14s
[2026-08-30T07:49:50.661Z] [INFO] [20/296] call_1124 (ca6395dd05df4d73) — API request started
[2026-08-30T07:50:03.428Z] [INFO] [20/296] call_1124 — completed in 13s
[2026-08-30T07:50:03.429Z] [INFO] [21/296] call_1125 (ca73cda869c74813) — API request started
[2026-08-30T07:50:20.915Z] [INFO] [21/296] call_1125 — completed in 17s
[2026-08-30T07:50:20.915Z] [INFO] [22/296] call_1126 (cab5b32e473b48cb) — API request started
[2026-08-30T07:50:38.558Z] [INFO] [22/296] call_1126 — completed in 18s
[2026-08-30T07:50:38.558Z] [INFO] [23/296] call_1127 (cae4fa0379a94cc3) — API request started
[2026-08-30T07:50:57.098Z] [INFO] [23/296] call_1127 — completed in 19s
[2026-08-30T07:50:57.098Z] [INFO] [24/296] call_1128 (cae7c8e5b58c48f4) — API request started
[2026-08-30T07:51:21.463Z] [INFO] [24/296] call_1128 — completed in 24s
[2026-08-30T07:51:21.464Z] [INFO] [25/296] call_1129 (caf6ec7f86a9410c) — API request started
[2026-08-30T07:51:42.155Z] [INFO] [25/296] call_1129 — completed in 21s
[2026-08-30T07:51:42.156Z] [INFO] [26/296] call_1130 (cb031d5430fd4bae) — API request started
[2026-08-30T07:51:58.756Z] [INFO] [26/296] call_1130 — completed in 17s
[2026-08-30T07:51:58.756Z] [INFO] [27/296] call_1131 (cb0806b1950b4527) — API request started
[2026-08-30T07:52:15.628Z] [INFO] [27/296] call_1131 — completed in 17s
[2026-08-30T07:52:15.628Z] [INFO] [28/296] call_1132 (cb145daed0a74bba) — API request started
[2026-08-30T07:52:28.046Z] [INFO] [28/296] call_1132 — completed in 12s
[2026-08-30T07:52:28.046Z] [INFO] [29/296] call_1133 (cb668b3595c647d8) — API request started
[2026-08-30T07:52:44.327Z] [INFO] [29/296] call_1133 — completed in 16s
[2026-08-30T07:52:44.328Z] [INFO] [30/296] call_1134 (cb721e50bd9e4d81) — API request started
[2026-08-30T07:53:00.150Z] [INFO] [30/296] call_1134 — completed in 16s
[2026-08-30T07:53:00.151Z] [INFO] [31/296] call_1135 (cb7bc09bb8d440dc) — API request started
[2026-08-30T07:53:13.788Z] [INFO] [31/296] call_1135 — completed in 14s
[2026-08-30T07:53:13.789Z] [INFO] [32/296] call_1136 (cb89c076296f4233) — API request started
[2026-08-30T07:53:27.313Z] [INFO] [32/296] call_1136 — completed in 14s
[2026-08-30T07:53:27.313Z] [INFO] [33/296] call_1137 (cb9a45f3ac6c41e8) — API request started
[2026-08-30T07:53:37.968Z] [INFO] [33/296] call_1137 — completed in 11s
[2026-08-30T07:53:37.969Z] [INFO] [34/296] call_1138 (cc2007dc5f4a425a) — API request started
[2026-08-30T07:53:50.578Z] [INFO] [34/296] call_1138 — completed in 13s
[2026-08-30T07:53:50.578Z] [INFO] [35/296] call_1139 (cc3d2149e7c24837) — API request started
[2026-08-30T07:54:02.742Z] [INFO] [35/296] call_1139 — completed in 12s
[2026-08-30T07:54:02.742Z] [INFO] [36/296] call_1140 (cc87f13b852b4a5b) — API request started
[2026-08-30T07:54:17.506Z] [INFO] [36/296] call_1140 — completed in 15s
[2026-08-30T07:54:17.506Z] [INFO] [37/296] call_1141 (cca796e258c3444f) — API request started
[2026-08-30T07:54:29.708Z] [INFO] [37/296] call_1141 — completed in 12s
[2026-08-30T07:54:29.709Z] [INFO] [38/296] call_1142 (ccec524efd88462d) — API request started
[2026-08-30T07:54:46.929Z] [INFO] [38/296] call_1142 — completed in 17s
[2026-08-30T07:54:46.929Z] [INFO] [39/296] call_1143 (ccf9d2c7a864481d) — API request started
[2026-08-30T07:55:01.428Z] [INFO] [39/296] call_1143 — completed in 14s
[2026-08-30T07:55:01.428Z] [INFO] [40/296] call_1144 (cd506b4674f64566) — API request started
[2026-08-30T07:55:18.771Z] [INFO] [40/296] call_1144 — completed in 17s
[2026-08-30T07:55:18.772Z] [INFO] [41/296] call_1145 (cd7c0bfdc73b4707) — API request started
[2026-08-30T07:55:42.080Z] [INFO] [41/296] call_1145 — completed in 23s
[2026-08-30T07:55:42.080Z] [INFO] [42/296] call_1146 (cdd65af8795a4b0f) — API request started
[2026-08-30T07:55:58.352Z] [INFO] [42/296] call_1146 — completed in 16s
[2026-08-30T07:55:58.353Z] [INFO] [43/296] call_1147 (ce135386e8494370) — API request started
[2026-08-30T07:56:16.266Z] [INFO] [43/296] call_1147 — completed in 18s
[2026-08-30T07:56:16.267Z] [INFO] [44/296] call_1148 (ce1c6a188b854181) — API request started
[2026-08-30T07:56:28.983Z] [INFO] [44/296] call_1148 — completed in 13s
[2026-08-30T07:56:28.983Z] [INFO] [45/296] call_1149 (ce338dfb61584f4a) — API request started
[2026-08-30T07:56:41.167Z] [INFO] [45/296] call_1149 — completed in 12s
[2026-08-30T07:56:41.168Z] [INFO] [46/296] call_1150 (ce3584cb105b4b66) — API request started
[2026-08-30T07:56:58.886Z] [INFO] [46/296] call_1150 — completed in 18s
[2026-08-30T07:56:58.886Z] [INFO] [47/296] call_1151 (ce63eae528b540fc) — API request started
[2026-08-30T07:57:13.931Z] [INFO] [47/296] call_1151 — completed in 15s
[2026-08-30T07:57:13.931Z] [INFO] [48/296] call_1152 (cef911107b6d4bce) — API request started
[2026-08-30T07:57:29.676Z] [INFO] [48/296] call_1152 — completed in 16s
[2026-08-30T07:57:29.677Z] [INFO] [49/296] call_1153 (cf09a5f4cbcd448b) — API request started
[2026-08-30T07:57:46.915Z] [INFO] [49/296] call_1153 — completed in 17s
[2026-08-30T07:57:46.916Z] [INFO] [50/296] call_1154 (cf2397724e594ee8) — API request started
[2026-08-30T07:58:01.356Z] [INFO] [50/296] call_1154 — completed in 14s
[2026-08-30T07:58:01.356Z] [INFO] [51/296] call_1155 (cfd2c928890c4f0b) — API request started
[2026-08-30T07:58:14.876Z] [INFO] [51/296] call_1155 — completed in 14s
[2026-08-30T07:58:14.877Z] [INFO] [52/296] call_1156 (d009345067fa44d1) — API request started
[2026-08-30T08:00:03.395Z] [INFO] [52/296] call_1156 — completed in 109s
[2026-08-30T08:00:03.396Z] [INFO] [53/296] call_1157 (d02c124117334f95) — API request started
[2026-08-30T08:00:14.861Z] [INFO] [53/296] call_1157 — completed in 11s
[2026-08-30T08:00:14.862Z] [INFO] [54/296] call_1158 (d049c01850614284) — API request started
[2026-08-30T08:00:29.183Z] [INFO] [54/296] call_1158 — completed in 14s
[2026-08-30T08:00:29.184Z] [INFO] [55/296] call_1159 (d04d6e32b7874d67) — API request started
[2026-08-30T08:00:51.218Z] [INFO] [55/296] call_1159 — completed in 22s
[2026-08-30T08:00:51.218Z] [INFO] [56/296] call_1160 (d082c952298843f5) — API request started
[2026-08-30T08:01:05.563Z] [INFO] [56/296] call_1160 — completed in 14s
[2026-08-30T08:01:05.563Z] [INFO] [57/296] call_1161 (d09204e09f504245) — API request started
[2026-08-30T08:01:20.824Z] [INFO] [57/296] call_1161 — completed in 15s
[2026-08-30T08:01:20.825Z] [INFO] [58/296] call_1162 (d0d607291c9b4666) — API request started
[2026-08-30T08:01:40.093Z] [INFO] [58/296] call_1162 — completed in 19s
[2026-08-30T08:01:40.093Z] [INFO] [59/296] call_1163 (d0d6353aecfa4f7e) — API request started
[2026-08-30T08:01:56.453Z] [INFO] [59/296] call_1163 — completed in 16s
[2026-08-30T08:01:56.454Z] [INFO] [60/296] call_1164 (d0dfe39c31624751) — API request started
[2026-08-30T08:02:11.487Z] [INFO] [60/296] call_1164 — completed in 15s
[2026-08-30T08:02:11.487Z] [INFO] [61/296] call_1165 (d10314e8b6074b4f) — API request started
[2026-08-30T08:02:26.255Z] [INFO] [61/296] call_1165 — completed in 15s
[2026-08-30T08:02:26.255Z] [INFO] [62/296] call_1166 (d1182b52103149fa) — API request started
[2026-08-30T08:02:37.319Z] [INFO] [62/296] call_1166 — completed in 11s
[2026-08-30T08:02:37.319Z] [INFO] [63/296] call_1167 (d1510446bce74fcc) — API request started
[2026-08-30T08:02:52.988Z] [INFO] [63/296] call_1167 — completed in 16s
[2026-08-30T08:02:52.989Z] [INFO] [64/296] call_1168 (d1593c22df624d07) — API request started
[2026-08-30T08:03:07.726Z] [INFO] [64/296] call_1168 — completed in 15s
[2026-08-30T08:03:07.726Z] [INFO] [65/296] call_1169 (d17f40f2885b4d6a) — API request started
[2026-08-30T08:03:29.753Z] [INFO] [65/296] call_1169 — completed in 22s
[2026-08-30T08:03:29.753Z] [INFO] [66/296] call_1170 (d1d5e2e882fa475f) — API request started
[2026-08-30T08:03:42.375Z] [INFO] [66/296] call_1170 — completed in 13s
[2026-08-30T08:03:42.376Z] [INFO] [67/296] call_1171 (d1e5e3da401f41ab) — API request started
[2026-08-30T08:03:54.313Z] [INFO] [67/296] call_1171 — completed in 12s
[2026-08-30T08:03:54.313Z] [INFO] [68/296] call_1172 (d22ef17d0b384731) — API request started
[2026-08-30T08:04:10.593Z] [INFO] [68/296] call_1172 — completed in 16s
[2026-08-30T08:04:10.593Z] [INFO] [69/296] call_1173 (d23d6433b32946a6) — API request started
[2026-08-30T08:04:27.490Z] [INFO] [69/296] call_1173 — completed in 17s
[2026-08-30T08:04:27.491Z] [INFO] [70/296] call_1174 (d25c08e73a6f415f) — API request started
[2026-08-30T08:04:42.367Z] [INFO] [70/296] call_1174 — completed in 15s
[2026-08-30T08:04:42.368Z] [INFO] [71/296] call_1175 (d25e8723a43341ed) — API request started
[2026-08-30T08:04:54.356Z] [INFO] [71/296] call_1175 — completed in 12s
[2026-08-30T08:04:54.356Z] [INFO] [72/296] call_1176 (d26dfb6bfcb34356) — API request started
[2026-08-30T08:05:14.925Z] [INFO] [72/296] call_1176 — completed in 21s
[2026-08-30T08:05:14.925Z] [INFO] [73/296] call_1177 (d281c0bf812945a0) — API request started
[2026-08-30T08:05:25.452Z] [INFO] [73/296] call_1177 — completed in 11s
[2026-08-30T08:05:25.453Z] [INFO] [74/296] call_1178 (d286c909b1af4721) — API request started
[2026-08-30T08:05:46.616Z] [INFO] [74/296] call_1178 — completed in 21s
[2026-08-30T08:05:46.617Z] [INFO] [75/296] call_1179 (d2a7f75ff115453e) — API request started
[2026-08-30T08:05:59.209Z] [INFO] [75/296] call_1179 — completed in 13s
[2026-08-30T08:05:59.209Z] [INFO] [76/296] call_1180 (d2f3ac438e7c4f41) — API request started
[2026-08-30T08:06:13.281Z] [INFO] [76/296] call_1180 — completed in 14s
[2026-08-30T08:06:13.282Z] [INFO] [77/296] call_1181 (d35d0b40f99b47be) — API request started
[2026-08-30T08:06:29.267Z] [INFO] [77/296] call_1181 — completed in 16s
[2026-08-30T08:06:29.267Z] [INFO] [78/296] call_1182 (d3796e53b6314472) — API request started
[2026-08-30T08:06:41.664Z] [INFO] [78/296] call_1182 — completed in 12s
[2026-08-30T08:06:41.665Z] [INFO] [79/296] call_1183 (d39ad80a611241c5) — API request started
[2026-08-30T08:07:01.111Z] [INFO] [79/296] call_1183 — completed in 19s
[2026-08-30T08:07:01.111Z] [INFO] [80/296] call_1184 (d39b7ce4a5a64a36) — API request started
[2026-08-30T08:07:16.479Z] [INFO] [80/296] call_1184 — completed in 15s
[2026-08-30T08:07:16.480Z] [INFO] [81/296] call_1185 (d3baa07088cf4c76) — API request started
[2026-08-30T08:07:44.850Z] [INFO] [81/296] call_1185 — completed in 28s
[2026-08-30T08:07:44.851Z] [INFO] [82/296] call_1186 (d3d474c0873b41b0) — API request started
[2026-08-30T08:08:11.779Z] [INFO] [82/296] call_1186 — completed in 27s
[2026-08-30T08:08:11.780Z] [INFO] [83/296] call_1187 (d3ea5b268ab74286) — API request started
[2026-08-30T08:08:28.460Z] [INFO] [83/296] call_1187 — completed in 17s
[2026-08-30T08:08:28.461Z] [INFO] [84/296] call_1188 (d400e8023c224e56) — API request started
[2026-08-30T08:08:45.782Z] [INFO] [84/296] call_1188 — completed in 17s
[2026-08-30T08:08:45.783Z] [INFO] [85/296] call_1189 (d4341ea7b9e44a68) — API request started
[2026-08-30T08:08:58.669Z] [INFO] [85/296] call_1189 — completed in 13s
[2026-08-30T08:08:58.670Z] [INFO] [86/296] call_1190 (d4345d60df984c3e) — API request started
[2026-08-30T08:09:18.861Z] [INFO] [86/296] call_1190 — completed in 20s
[2026-08-30T08:09:18.862Z] [INFO] [87/296] call_1191 (d47bbdf16dce4e0b) — API request started
[2026-08-30T08:09:39.551Z] [INFO] [87/296] call_1191 — completed in 21s
[2026-08-30T08:09:39.551Z] [INFO] [88/296] call_1192 (d47beaddc1e3494d) — API request started
[2026-08-30T08:10:01.218Z] [INFO] [88/296] call_1192 — completed in 22s
[2026-08-30T08:10:01.218Z] [INFO] [89/296] call_1193 (d483cbff8f994366) — API request started
[2026-08-30T08:10:26.728Z] [INFO] [89/296] call_1193 — completed in 26s
[2026-08-30T08:10:26.729Z] [INFO] [90/296] call_1194 (d48e6762045e47f3) — API request started
[2026-08-30T08:10:41.999Z] [INFO] [90/296] call_1194 — completed in 15s
[2026-08-30T08:10:42.000Z] [INFO] [91/296] call_1195 (d497a3ae2b334846) — API request started
[2026-08-30T08:10:58.088Z] [INFO] [91/296] call_1195 — completed in 16s
[2026-08-30T08:10:58.089Z] [INFO] [92/296] call_1196 (d4b71a718e9340da) — API request started
[2026-08-30T08:11:12.809Z] [INFO] [92/296] call_1196 — completed in 15s
[2026-08-30T08:11:12.809Z] [INFO] [93/296] call_1197 (d4c341b7c8934fb3) — API request started
[2026-08-30T08:11:25.991Z] [INFO] [93/296] call_1197 — completed in 13s
[2026-08-30T08:11:25.992Z] [INFO] [94/296] call_1198 (d4c6c9e8a0dc40c1) — API request started
[2026-08-30T08:11:38.933Z] [INFO] [94/296] call_1198 — completed in 13s
[2026-08-30T08:11:38.934Z] [INFO] [95/296] call_1199 (d588093a0cab4bc6) — API request started
[2026-08-30T08:11:49.973Z] [INFO] [95/296] call_1199 — completed in 11s
[2026-08-30T08:11:49.974Z] [INFO] [96/296] call_1200 (d5c6ff5408e14fac) — API request started
[2026-08-30T08:12:06.798Z] [INFO] [96/296] call_1200 — completed in 17s
[2026-08-30T08:12:06.799Z] [INFO] [97/296] call_1201 (d60dd43c61ed4465) — API request started
[2026-08-30T08:12:26.202Z] [INFO] [97/296] call_1201 — completed in 19s
[2026-08-30T08:12:26.203Z] [INFO] [98/296] call_1202 (d61006768ed04527) — API request started
[2026-08-30T08:12:40.875Z] [INFO] [98/296] call_1202 — completed in 15s
[2026-08-30T08:12:40.880Z] [INFO] [99/296] call_1203 (d62ac30c6817491c) — API request started
[2026-08-30T08:12:54.286Z] [INFO] [99/296] call_1203 — completed in 13s
[2026-08-30T08:12:54.287Z] [INFO] [100/296] call_1204 (d69cc21d8dc747ef) — API request started
[2026-08-30T08:13:08.629Z] [INFO] [100/296] call_1204 — completed in 14s
[2026-08-30T08:13:08.630Z] [INFO] [101/296] call_1205 (d6d06ca47d3242b6) — API request started
[2026-08-30T08:13:23.159Z] [INFO] [101/296] call_1205 — completed in 15s
[2026-08-30T08:13:23.159Z] [INFO] [102/296] call_1206 (d6e6db19240e4755) — API request started
[2026-08-30T08:13:39.153Z] [INFO] [102/296] call_1206 — completed in 16s
[2026-08-30T08:13:39.153Z] [INFO] [103/296] call_1207 (d7084d2e23c64024) — API request started
[2026-08-30T08:13:53.889Z] [INFO] [103/296] call_1207 — completed in 15s
[2026-08-30T08:13:53.889Z] [INFO] [104/296] call_1208 (d7272708d2824186) — API request started
[2026-08-30T08:14:09.971Z] [INFO] [104/296] call_1208 — completed in 16s
[2026-08-30T08:14:09.972Z] [INFO] [105/296] call_1209 (d73be060c5994ae3) — API request started
[2026-08-30T08:14:22.133Z] [INFO] [105/296] call_1209 — completed in 12s
[2026-08-30T08:14:22.134Z] [INFO] [106/296] call_1210 (d7783471cf2a49ff) — API request started
[2026-08-30T08:14:36.763Z] [INFO] [106/296] call_1210 — completed in 15s
[2026-08-30T08:14:36.764Z] [INFO] [107/296] call_1211 (d787be69444242f0) — API request started
[2026-08-30T08:14:50.173Z] [INFO] [107/296] call_1211 — completed in 13s
[2026-08-30T08:14:50.175Z] [INFO] [108/296] call_1212 (d7e26ee5723a4bc5) — API request started
[2026-08-30T08:15:08.225Z] [INFO] [108/296] call_1212 — completed in 18s
[2026-08-30T08:15:08.225Z] [INFO] [109/296] call_1213 (d83326085bb340d3) — API request started
[2026-08-30T08:15:23.730Z] [INFO] [109/296] call_1213 — completed in 16s
[2026-08-30T08:15:23.731Z] [INFO] [110/296] call_1214 (d84c1ed56bd54bcb) — API request started
[2026-08-30T08:15:44.165Z] [INFO] [110/296] call_1214 — completed in 20s
[2026-08-30T08:15:44.165Z] [INFO] [111/296] call_1215 (d863198173784f41) — API request started
[2026-08-30T08:16:00.740Z] [INFO] [111/296] call_1215 — completed in 17s
[2026-08-30T08:16:00.740Z] [INFO] [112/296] call_1216 (d8832ffc407c4304) — API request started
[2026-08-30T08:16:15.409Z] [INFO] [112/296] call_1216 — completed in 15s
[2026-08-30T08:16:15.410Z] [INFO] [113/296] call_1217 (d88b58f180774f82) — API request started
[2026-08-30T08:16:38.181Z] [INFO] [113/296] call_1217 — completed in 23s
[2026-08-30T08:16:38.182Z] [INFO] [114/296] call_1218 (d8968576c9b14723) — API request started
[2026-08-30T08:16:49.657Z] [INFO] [114/296] call_1218 — completed in 11s
[2026-08-30T08:16:49.658Z] [INFO] [115/296] call_1219 (d89ea95f9592404c) — API request started
[2026-08-30T08:17:14.389Z] [INFO] [115/296] call_1219 — completed in 25s
[2026-08-30T08:17:14.389Z] [INFO] [116/296] call_1220 (d8e2bb01d5fa4457) — API request started
[2026-08-30T08:17:29.963Z] [INFO] [116/296] call_1220 — completed in 16s
[2026-08-30T08:17:29.963Z] [INFO] [117/296] call_1221 (d902244660d44131) — API request started
[2026-08-30T08:17:45.110Z] [INFO] [117/296] call_1221 — completed in 15s
[2026-08-30T08:17:45.111Z] [INFO] [118/296] call_1222 (d93ed827d9a14f91) — API request started
[2026-08-30T08:17:57.474Z] [INFO] [118/296] call_1222 — completed in 12s
[2026-08-30T08:17:57.475Z] [INFO] [119/296] call_1223 (d96b4057a7c249d3) — API request started
[2026-08-30T08:18:17.405Z] [INFO] [119/296] call_1223 — completed in 20s
[2026-08-30T08:18:17.406Z] [INFO] [120/296] call_1224 (d99e1b7b64934550) — API request started
[2026-08-30T08:18:34.712Z] [INFO] [120/296] call_1224 — completed in 17s
[2026-08-30T08:18:34.712Z] [INFO] [121/296] call_1225 (d9c723e063c14871) — API request started
[2026-08-30T08:18:51.048Z] [INFO] [121/296] call_1225 — completed in 16s
[2026-08-30T08:18:51.049Z] [INFO] [122/296] call_1226 (d9eebddf44a34d6f) — API request started
[2026-08-30T08:19:08.873Z] [INFO] [122/296] call_1226 — completed in 18s
[2026-08-30T08:19:08.874Z] [INFO] [123/296] call_1227 (d9fd861f60dc4999) — API request started
[2026-08-30T08:19:25.138Z] [INFO] [123/296] call_1227 — completed in 16s
[2026-08-30T08:19:25.138Z] [INFO] [124/296] call_1228 (da37afca09064b53) — API request started
[2026-08-30T08:19:34.466Z] [INFO] [124/296] call_1228 — completed in 9s
[2026-08-30T08:19:34.467Z] [INFO] [125/296] call_1229 (dac153a3ef1b43fa) — API request started
[2026-08-30T08:19:52.122Z] [INFO] [125/296] call_1229 — completed in 18s
[2026-08-30T08:19:52.123Z] [INFO] [126/296] call_1230 (db49d1ea68b44e08) — API request started
[2026-08-30T08:20:07.547Z] [INFO] [126/296] call_1230 — completed in 15s
[2026-08-30T08:20:07.547Z] [INFO] [127/296] call_1231 (db570fe7fb5343d3) — API request started
[2026-08-30T08:20:19.521Z] [INFO] [127/296] call_1231 — completed in 12s
[2026-08-30T08:20:19.522Z] [INFO] [128/296] call_1232 (db7c71f4c9384bf4) — API request started
[2026-08-30T08:20:30.329Z] [INFO] [128/296] call_1232 — completed in 11s
[2026-08-30T08:20:30.330Z] [INFO] [129/296] call_1233 (db85f6790ed242da) — API request started
[2026-08-30T08:20:43.692Z] [INFO] [129/296] call_1233 — completed in 13s
[2026-08-30T08:20:43.693Z] [INFO] [130/296] call_1234 (db8755b7c1264411) — API request started
[2026-08-30T08:20:55.674Z] [INFO] [130/296] call_1234 — completed in 12s
[2026-08-30T08:20:55.675Z] [INFO] [131/296] call_1235 (db8ca178761e4938) — API request started
[2026-08-30T08:21:11.130Z] [INFO] [131/296] call_1235 — completed in 15s
[2026-08-30T08:21:11.130Z] [INFO] [132/296] call_1236 (dbc2061c2d964f40) — API request started
[2026-08-30T08:21:24.693Z] [INFO] [132/296] call_1236 — completed in 14s
[2026-08-30T08:21:24.694Z] [INFO] [133/296] call_1237 (dc224f52c94f4639) — API request started
[2026-08-30T08:21:41.415Z] [INFO] [133/296] call_1237 — completed in 17s
[2026-08-30T08:21:41.416Z] [INFO] [134/296] call_1238 (dc35adb181534b2d) — API request started
[2026-08-30T08:26:53.103Z] [ERROR] [134/296] call_1238 — API FAILED: HTTP 500: Rust process timed out after 120000ms
[2026-08-30T08:26:53.103Z] [ERROR] Batch stopped on call_1238. Completed in selected range: 133/296. No later calls were submitted.
[2026-08-30T11:08:17.436Z] [INFO] ========== Batch run started ==========
[2026-08-30T11:08:17.440Z] [INFO] Validating: /Users/sukesh/Documents/vrize/callradar-data/combined
[2026-08-30T11:08:17.504Z] [INFO] Validation passed: 163 call folder(s), call_1238 through call_1400
[2026-08-30T11:08:17.505Z] [INFO] Already completed in selected range: 0
[2026-08-30T11:08:17.506Z] [INFO] Pending in selected range: 163
[2026-08-30T11:08:17.506Z] [INFO] Processing in this run: 163
[2026-08-30T11:08:17.506Z] [INFO] API: http://127.0.0.1:8894/audio/transcribe
[2026-08-30T11:08:17.506Z] [INFO] [1/163] call_1238 (dc35adb181534b2d) — API request started
[2026-08-30T11:09:07.807Z] [INFO] [1/163] call_1238 — completed in 50s
[2026-08-30T11:09:07.808Z] [INFO] [2/163] call_1239 (dc70a5421d2c41b8) — API request started
[2026-08-30T11:09:17.035Z] [INFO] [2/163] call_1239 — completed in 9s
[2026-08-30T11:09:17.035Z] [INFO] [3/163] call_1240 (dc818e88a71a4e47) — API request started
[2026-08-30T11:09:32.429Z] [INFO] [3/163] call_1240 — completed in 15s
[2026-08-30T11:09:32.429Z] [INFO] [4/163] call_1241 (dc89b02c555a4496) — API request started
[2026-08-30T11:09:45.213Z] [INFO] [4/163] call_1241 — completed in 13s
[2026-08-30T11:09:45.213Z] [INFO] [5/163] call_1242 (dca023ef12dc4e5a) — API request started
[2026-08-30T11:10:01.270Z] [INFO] [5/163] call_1242 — completed in 16s
[2026-08-30T11:10:01.270Z] [INFO] [6/163] call_1243 (dca76b16cfea4fd9) — API request started
[2026-08-30T11:10:19.320Z] [INFO] [6/163] call_1243 — completed in 18s
[2026-08-30T11:10:19.320Z] [INFO] [7/163] call_1244 (dca9dec379e54aa1) — API request started
[2026-08-30T11:10:35.502Z] [INFO] [7/163] call_1244 — completed in 16s
[2026-08-30T11:10:35.502Z] [INFO] [8/163] call_1245 (dce8929ec9364c8e) — API request started
[2026-08-30T11:10:46.853Z] [INFO] [8/163] call_1245 — completed in 11s
[2026-08-30T11:10:46.854Z] [INFO] [9/163] call_1246 (dd68239fe54c432f) — API request started
[2026-08-30T11:10:59.161Z] [INFO] [9/163] call_1246 — completed in 12s
[2026-08-30T11:10:59.161Z] [INFO] [10/163] call_1247 (dde6f757725848d6) — API request started
[2026-08-30T11:11:14.620Z] [INFO] [10/163] call_1247 — completed in 15s
[2026-08-30T11:11:14.620Z] [INFO] [11/163] call_1248 (de6e39536c314488) — API request started
[2026-08-30T11:11:33.051Z] [INFO] [11/163] call_1248 — completed in 18s
[2026-08-30T11:11:33.051Z] [INFO] [12/163] call_1249 (df02b8f3525e4988) — API request started
[2026-08-30T11:11:45.440Z] [INFO] [12/163] call_1249 — completed in 12s
[2026-08-30T11:11:45.440Z] [INFO] [13/163] call_1250 (df65319b0b804cba) — API request started
[2026-08-30T11:11:59.766Z] [INFO] [13/163] call_1250 — completed in 14s
[2026-08-30T11:11:59.767Z] [INFO] [14/163] call_1251 (df67a8b897314506) — API request started
[2026-08-30T11:12:12.115Z] [INFO] [14/163] call_1251 — completed in 12s
[2026-08-30T11:12:12.115Z] [INFO] [15/163] call_1252 (df9bf036ccae48fb) — API request started
[2026-08-30T11:12:36.167Z] [INFO] [15/163] call_1252 — completed in 24s
[2026-08-30T11:12:36.168Z] [INFO] [16/163] call_1253 (dfdb96cfe6c8464d) — API request started
[2026-08-30T11:12:48.170Z] [INFO] [16/163] call_1253 — completed in 12s
[2026-08-30T11:12:48.170Z] [INFO] [17/163] call_1254 (dff3c647104c4d10) — API request started
[2026-08-30T11:12:57.619Z] [INFO] [17/163] call_1254 — completed in 9s
[2026-08-30T11:12:57.619Z] [INFO] [18/163] call_1255 (dff4cd2c795944bb) — API request started
[2026-08-30T11:13:21.804Z] [INFO] [18/163] call_1255 — completed in 24s
[2026-08-30T11:13:21.805Z] [INFO] [19/163] call_1256 (e014424674a746f6) — API request started
[2026-08-30T11:13:38.381Z] [INFO] [19/163] call_1256 — completed in 17s
[2026-08-30T11:13:38.382Z] [INFO] [20/163] call_1257 (e02b6dc778204aff) — API request started
[2026-08-30T11:13:47.739Z] [INFO] [20/163] call_1257 — completed in 9s
[2026-08-30T11:13:47.739Z] [INFO] [21/163] call_1258 (e049a1525d3d46e5) — API request started
[2026-08-30T11:14:12.121Z] [INFO] [21/163] call_1258 — completed in 24s
[2026-08-30T11:14:12.122Z] [INFO] [22/163] call_1259 (e05d194d4c034284) — API request started
[2026-08-30T11:14:33.682Z] [INFO] [22/163] call_1259 — completed in 22s
[2026-08-30T11:14:33.683Z] [INFO] [23/163] call_1260 (e079cd4b52d04245) — API request started
[2026-08-30T11:14:46.170Z] [INFO] [23/163] call_1260 — completed in 12s
[2026-08-30T11:14:46.172Z] [INFO] [24/163] call_1261 (e0acc94cf6174869) — API request started
[2026-08-30T11:14:59.484Z] [INFO] [24/163] call_1261 — completed in 13s
[2026-08-30T11:14:59.484Z] [INFO] [25/163] call_1262 (e10846b230fa484b) — API request started
[2026-08-30T11:15:12.898Z] [INFO] [25/163] call_1262 — completed in 13s
[2026-08-30T11:15:12.899Z] [INFO] [26/163] call_1263 (e112679add1c4490) — API request started
[2026-08-30T11:15:25.290Z] [INFO] [26/163] call_1263 — completed in 12s
[2026-08-30T11:15:25.291Z] [INFO] [27/163] call_1264 (e11c7e2a8fd449b6) — API request started
[2026-08-30T11:15:37.046Z] [INFO] [27/163] call_1264 — completed in 12s
[2026-08-30T11:15:37.046Z] [INFO] [28/163] call_1265 (e120d00def52411a) — API request started
[2026-08-30T11:15:46.885Z] [INFO] [28/163] call_1265 — completed in 10s
[2026-08-30T11:15:46.885Z] [INFO] [29/163] call_1266 (e161fd52ad124561) — API request started
[2026-08-30T11:16:00.613Z] [INFO] [29/163] call_1266 — completed in 14s
[2026-08-30T11:16:00.614Z] [INFO] [30/163] call_1267 (e1aaf02301d14cc7) — API request started
[2026-08-30T11:16:14.912Z] [INFO] [30/163] call_1267 — completed in 14s
[2026-08-30T11:16:14.913Z] [INFO] [31/163] call_1268 (e1b7da6c4dcc4cb3) — API request started
[2026-08-30T11:16:25.795Z] [INFO] [31/163] call_1268 — completed in 11s
[2026-08-30T11:16:25.795Z] [INFO] [32/163] call_1269 (e2084666b3eb4f04) — API request started
[2026-08-30T11:16:35.721Z] [INFO] [32/163] call_1269 — completed in 10s
[2026-08-30T11:16:35.721Z] [INFO] [33/163] call_1270 (e210bf32a2604e11) — API request started
[2026-08-30T11:16:47.666Z] [INFO] [33/163] call_1270 — completed in 12s
[2026-08-30T11:16:47.666Z] [INFO] [34/163] call_1271 (e24c1b79e49b45d7) — API request started
[2026-08-30T11:21:15.501Z] [INFO] [34/163] call_1271 — completed in 268s
[2026-08-30T11:21:15.501Z] [INFO] [35/163] call_1272 (e273b03a6feb42fa) — API request started
[2026-08-30T11:21:28.849Z] [INFO] [35/163] call_1272 — completed in 13s
[2026-08-30T11:21:28.850Z] [INFO] [36/163] call_1273 (e2c3f7e7cea642d4) — API request started
[2026-08-30T11:21:48.195Z] [INFO] [36/163] call_1273 — completed in 19s
[2026-08-30T11:21:48.195Z] [INFO] [37/163] call_1274 (e2c66a7bd76e45fd) — API request started
[2026-08-30T11:22:03.089Z] [INFO] [37/163] call_1274 — completed in 15s
[2026-08-30T11:22:03.090Z] [INFO] [38/163] call_1275 (e31f1d8501d645fc) — API request started
[2026-08-30T11:22:17.344Z] [INFO] [38/163] call_1275 — completed in 14s
[2026-08-30T11:22:17.345Z] [INFO] [39/163] call_1276 (e3a117923bbc4784) — API request started
[2026-08-30T11:22:29.914Z] [INFO] [39/163] call_1276 — completed in 13s
[2026-08-30T11:22:29.914Z] [INFO] [40/163] call_1277 (e3d8df1dbf974ac9) — API request started
[2026-08-30T11:22:42.851Z] [INFO] [40/163] call_1277 — completed in 13s
[2026-08-30T11:22:42.851Z] [INFO] [41/163] call_1278 (e40954da46244b71) — API request started
[2026-08-30T11:23:00.773Z] [INFO] [41/163] call_1278 — completed in 18s
[2026-08-30T11:23:00.774Z] [INFO] [42/163] call_1279 (e40f20f6c41a41d0) — API request started
[2026-08-30T11:23:15.514Z] [INFO] [42/163] call_1279 — completed in 15s
[2026-08-30T11:23:15.514Z] [INFO] [43/163] call_1280 (e41f96ea3dfb462b) — API request started
[2026-08-30T11:23:29.227Z] [INFO] [43/163] call_1280 — completed in 14s
[2026-08-30T11:23:29.227Z] [INFO] [44/163] call_1281 (e424e1810f174336) — API request started
[2026-08-30T11:23:38.734Z] [INFO] [44/163] call_1281 — completed in 10s
[2026-08-30T11:23:38.735Z] [INFO] [45/163] call_1282 (e454dd0eade945a1) — API request started
[2026-08-30T11:23:52.435Z] [INFO] [45/163] call_1282 — completed in 14s
[2026-08-30T11:23:52.435Z] [INFO] [46/163] call_1283 (e46bda445f9a4958) — API request started
[2026-08-30T11:24:04.562Z] [INFO] [46/163] call_1283 — completed in 12s
[2026-08-30T11:24:04.562Z] [INFO] [47/163] call_1284 (e4db3028abdd4893) — API request started
[2026-08-30T11:24:17.982Z] [INFO] [47/163] call_1284 — completed in 13s
[2026-08-30T11:24:17.982Z] [INFO] [48/163] call_1285 (e4e166441e084f0d) — API request started
[2026-08-30T11:24:29.221Z] [INFO] [48/163] call_1285 — completed in 11s
[2026-08-30T11:24:29.221Z] [INFO] [49/163] call_1286 (e4f257ebc3f64b9c) — API request started
[2026-08-30T11:24:41.753Z] [INFO] [49/163] call_1286 — completed in 13s
[2026-08-30T11:24:41.754Z] [INFO] [50/163] call_1287 (e4f8e4ac217440d0) — API request started
[2026-08-30T11:24:54.433Z] [INFO] [50/163] call_1287 — completed in 13s
[2026-08-30T11:24:54.433Z] [INFO] [51/163] call_1288 (e52913f63f934221) — API request started
[2026-08-30T11:25:03.424Z] [INFO] [51/163] call_1288 — completed in 9s
[2026-08-30T11:25:03.425Z] [INFO] [52/163] call_1289 (e54c91f8e25d4bb8) — API request started
[2026-08-30T11:25:13.973Z] [INFO] [52/163] call_1289 — completed in 11s
[2026-08-30T11:25:13.973Z] [INFO] [53/163] call_1290 (e5616aa6e05644fb) — API request started
[2026-08-30T11:25:27.919Z] [INFO] [53/163] call_1290 — completed in 14s
[2026-08-30T11:25:27.919Z] [INFO] [54/163] call_1291 (e5caade08f4b4524) — API request started
[2026-08-30T11:25:46.762Z] [INFO] [54/163] call_1291 — completed in 19s
[2026-08-30T11:25:46.763Z] [INFO] [55/163] call_1292 (e5d7bee3da2648f5) — API request started
[2026-08-30T11:26:03.759Z] [INFO] [55/163] call_1292 — completed in 17s
[2026-08-30T11:26:03.759Z] [INFO] [56/163] call_1293 (e5e1d3a29af64ad7) — API request started
[2026-08-30T11:26:15.414Z] [INFO] [56/163] call_1293 — completed in 12s
[2026-08-30T11:26:15.414Z] [INFO] [57/163] call_1294 (e601b29b60be463e) — API request started
[2026-08-30T11:26:26.570Z] [INFO] [57/163] call_1294 — completed in 11s
[2026-08-30T11:26:26.571Z] [INFO] [58/163] call_1295 (e6191b00785746ba) — API request started
[2026-08-30T11:26:36.749Z] [INFO] [58/163] call_1295 — completed in 10s
[2026-08-30T11:26:36.750Z] [INFO] [59/163] call_1296 (e6dafa1725154173) — API request started
[2026-08-30T11:26:46.413Z] [INFO] [59/163] call_1296 — completed in 10s
[2026-08-30T11:26:46.414Z] [INFO] [60/163] call_1297 (e709daf7f2324831) — API request started
[2026-08-30T11:27:00.170Z] [INFO] [60/163] call_1297 — completed in 14s
[2026-08-30T11:27:00.170Z] [INFO] [61/163] call_1298 (e72eb41e6ad14b07) — API request started
[2026-08-30T11:27:15.121Z] [INFO] [61/163] call_1298 — completed in 15s
[2026-08-30T11:27:15.122Z] [INFO] [62/163] call_1299 (e75ecea804264b50) — API request started
[2026-08-30T11:27:29.672Z] [INFO] [62/163] call_1299 — completed in 15s
[2026-08-30T11:27:29.672Z] [INFO] [63/163] call_1300 (e79ddd02ccdf4552) — API request started
[2026-08-30T11:27:45.214Z] [INFO] [63/163] call_1300 — completed in 16s
[2026-08-30T11:27:45.214Z] [INFO] [64/163] call_1301 (e81be23bf2494501) — API request started
[2026-08-30T11:27:55.388Z] [INFO] [64/163] call_1301 — completed in 10s
[2026-08-30T11:27:55.388Z] [INFO] [65/163] call_1302 (e8213ad08f6f4f67) — API request started
[2026-08-30T11:28:08.805Z] [INFO] [65/163] call_1302 — completed in 13s
[2026-08-30T11:28:08.806Z] [INFO] [66/163] call_1303 (e83466295cf8452d) — API request started
[2026-08-30T11:28:20.033Z] [INFO] [66/163] call_1303 — completed in 11s
[2026-08-30T11:28:20.034Z] [INFO] [67/163] call_1304 (e84c5580bd364a83) — API request started
[2026-08-30T11:28:32.442Z] [INFO] [67/163] call_1304 — completed in 12s
[2026-08-30T11:28:32.443Z] [INFO] [68/163] call_1305 (e8bee8b41a4b4c98) — API request started
[2026-08-30T11:28:44.751Z] [INFO] [68/163] call_1305 — completed in 12s
[2026-08-30T11:28:44.751Z] [INFO] [69/163] call_1306 (e8ca102f9a304bd7) — API request started
[2026-08-30T11:29:02.652Z] [INFO] [69/163] call_1306 — completed in 18s
[2026-08-30T11:29:02.653Z] [INFO] [70/163] call_1307 (e915ed6fecde4854) — API request started
[2026-08-30T11:29:13.796Z] [INFO] [70/163] call_1307 — completed in 11s
[2026-08-30T11:29:13.796Z] [INFO] [71/163] call_1308 (e923c5ba4e0c4cfe) — API request started
[2026-08-30T11:29:29.382Z] [INFO] [71/163] call_1308 — completed in 16s
[2026-08-30T11:29:29.382Z] [INFO] [72/163] call_1309 (e9760a0e068f46f9) — API request started
[2026-08-30T11:29:40.522Z] [INFO] [72/163] call_1309 — completed in 11s
[2026-08-30T11:29:40.522Z] [INFO] [73/163] call_1310 (e97b980de61e494b) — API request started
[2026-08-30T11:30:13.725Z] [INFO] [73/163] call_1310 — completed in 33s
[2026-08-30T11:30:13.726Z] [INFO] [74/163] call_1311 (ea049b32d31640af) — API request started
[2026-08-30T11:30:29.030Z] [INFO] [74/163] call_1311 — completed in 15s
[2026-08-30T11:30:29.030Z] [INFO] [75/163] call_1312 (ea26145e8df741c0) — API request started
[2026-08-30T11:30:40.647Z] [INFO] [75/163] call_1312 — completed in 12s
[2026-08-30T11:30:40.647Z] [INFO] [76/163] call_1313 (ea3e177a415f49ba) — API request started
[2026-08-30T11:30:54.877Z] [INFO] [76/163] call_1313 — completed in 14s
[2026-08-30T11:30:54.878Z] [INFO] [77/163] call_1314 (eadd0adb49304bfc) — API request started
[2026-08-30T11:31:10.650Z] [INFO] [77/163] call_1314 — completed in 16s
[2026-08-30T11:31:10.651Z] [INFO] [78/163] call_1315 (eb1d430380e24483) — API request started
[2026-08-30T11:31:21.282Z] [INFO] [78/163] call_1315 — completed in 11s
[2026-08-30T11:31:21.282Z] [INFO] [79/163] call_1316 (eb2adbc4682c47ad) — API request started
[2026-08-30T11:31:35.162Z] [INFO] [79/163] call_1316 — completed in 14s
[2026-08-30T11:31:35.162Z] [INFO] [80/163] call_1317 (eb360be7092140d1) — API request started
[2026-08-30T11:31:51.609Z] [INFO] [80/163] call_1317 — completed in 16s
[2026-08-30T11:31:51.610Z] [INFO] [81/163] call_1318 (eb5cfc80361e491e) — API request started
[2026-08-30T11:32:07.653Z] [INFO] [81/163] call_1318 — completed in 16s
[2026-08-30T11:32:07.653Z] [INFO] [82/163] call_1319 (eb82ec7b5f0944ca) — API request started
[2026-08-30T11:32:21.031Z] [INFO] [82/163] call_1319 — completed in 13s
[2026-08-30T11:32:21.032Z] [INFO] [83/163] call_1320 (eb8ebd459c6e4ede) — API request started
[2026-08-30T11:32:32.776Z] [INFO] [83/163] call_1320 — completed in 12s
[2026-08-30T11:32:32.776Z] [INFO] [84/163] call_1321 (ebaedc3fce1f4532) — API request started
[2026-08-30T11:32:47.006Z] [INFO] [84/163] call_1321 — completed in 14s
[2026-08-30T11:32:47.006Z] [INFO] [85/163] call_1322 (ebbefa7f882d47a7) — API request started
[2026-08-30T11:32:57.540Z] [INFO] [85/163] call_1322 — completed in 11s
[2026-08-30T11:32:57.540Z] [INFO] [86/163] call_1323 (ebdc2700b6524a53) — API request started
[2026-08-30T11:33:11.076Z] [INFO] [86/163] call_1323 — completed in 14s
[2026-08-30T11:33:11.076Z] [INFO] [87/163] call_1324 (ebef241a97a6424c) — API request started
[2026-08-30T11:33:30.016Z] [INFO] [87/163] call_1324 — completed in 19s
[2026-08-30T11:33:30.016Z] [INFO] [88/163] call_1325 (ebf2dd5327b04c76) — API request started
[2026-08-30T11:33:39.315Z] [INFO] [88/163] call_1325 — completed in 9s
[2026-08-30T11:33:39.315Z] [INFO] [89/163] call_1326 (ec07fc00afee4540) — API request started
[2026-08-30T11:33:53.403Z] [INFO] [89/163] call_1326 — completed in 14s
[2026-08-30T11:33:53.404Z] [INFO] [90/163] call_1327 (ec2c51b194c24011) — API request started
[2026-08-30T11:34:44.421Z] [INFO] [90/163] call_1327 — completed in 51s
[2026-08-30T11:34:44.422Z] [INFO] [91/163] call_1328 (ec4eae85cdb946e0) — API request started
[2026-08-30T11:34:58.465Z] [INFO] [91/163] call_1328 — completed in 14s
[2026-08-30T11:34:58.466Z] [INFO] [92/163] call_1329 (ec54198121094ebb) — API request started
[2026-08-30T11:35:14.435Z] [INFO] [92/163] call_1329 — completed in 16s
[2026-08-30T11:35:14.435Z] [INFO] [93/163] call_1330 (ec7454a2ccc34edc) — API request started
[2026-08-30T11:35:27.775Z] [INFO] [93/163] call_1330 — completed in 13s
[2026-08-30T11:35:27.775Z] [INFO] [94/163] call_1331 (ec782ba50efe4d50) — API request started
[2026-08-30T11:35:39.025Z] [INFO] [94/163] call_1331 — completed in 11s
[2026-08-30T11:35:39.025Z] [INFO] [95/163] call_1332 (ec9217bd2fae41fa) — API request started
[2026-08-30T11:35:52.961Z] [INFO] [95/163] call_1332 — completed in 14s
[2026-08-30T11:35:52.961Z] [INFO] [96/163] call_1333 (ec96050506be4885) — API request started
[2026-08-30T11:36:10.565Z] [INFO] [96/163] call_1333 — completed in 18s
[2026-08-30T11:36:10.565Z] [INFO] [97/163] call_1334 (ecb17f35e85b4761) — API request started
[2026-08-30T11:36:20.757Z] [INFO] [97/163] call_1334 — completed in 10s
[2026-08-30T11:36:20.757Z] [INFO] [98/163] call_1335 (ecb9291223764796) — API request started
[2026-08-30T11:36:36.245Z] [INFO] [98/163] call_1335 — completed in 15s
[2026-08-30T11:36:36.245Z] [INFO] [99/163] call_1336 (ecbc3d17d459474c) — API request started
[2026-08-30T11:36:51.070Z] [INFO] [99/163] call_1336 — completed in 15s
[2026-08-30T11:36:51.071Z] [INFO] [100/163] call_1337 (eccd0011ff1e4dd0) — API request started
[2026-08-30T11:37:05.738Z] [INFO] [100/163] call_1337 — completed in 15s
[2026-08-30T11:37:05.738Z] [INFO] [101/163] call_1338 (ed1134c630d04f04) — API request started
[2026-08-30T11:37:17.227Z] [INFO] [101/163] call_1338 — completed in 11s
[2026-08-30T11:37:17.227Z] [INFO] [102/163] call_1339 (ed1c62fdab7f4171) — API request started
[2026-08-30T11:37:28.593Z] [INFO] [102/163] call_1339 — completed in 11s
[2026-08-30T11:37:28.593Z] [INFO] [103/163] call_1340 (ed1ffdb4249e4c73) — API request started
[2026-08-30T11:37:39.313Z] [ERROR] [103/163] call_1340 — API FAILED: socket hang up
[2026-08-30T11:37:39.313Z] [ERROR] Batch stopped on call_1340. Completed in selected range: 102/163. No later calls were submitted.
[2026-08-30T17:00:32.643Z] [INFO] ========== Batch run started ==========
[2026-08-30T17:00:32.649Z] [INFO] Validating: /Users/sukesh/Documents/vrize/callradar-data/combined
[2026-08-30T17:00:32.681Z] [INFO] Validation passed: 61 call folder(s), call_1340 through call_1400
[2026-08-30T17:00:32.682Z] [INFO] Already completed in selected range: 0
[2026-08-30T17:00:32.682Z] [INFO] Pending in selected range: 61
[2026-08-30T17:00:32.682Z] [INFO] Processing in this run: 61
[2026-08-30T17:00:32.683Z] [INFO] API: http://127.0.0.1:8894/audio/transcribe
[2026-08-30T17:00:32.683Z] [INFO] [1/61] call_1340 (ed1ffdb4249e4c73) — API request started
[2026-08-30T17:01:08.942Z] [INFO] [1/61] call_1340 — completed in 36s
[2026-08-30T17:01:08.942Z] [INFO] [2/61] call_1341 (ed7c5905a95b499e) — API request started
[2026-08-30T17:01:20.722Z] [INFO] [2/61] call_1341 — completed in 12s
[2026-08-30T17:01:20.722Z] [INFO] [3/61] call_1342 (ed8a6f3e91ec4b1a) — API request started
[2026-08-30T17:01:36.157Z] [INFO] [3/61] call_1342 — completed in 15s
[2026-08-30T17:01:36.157Z] [INFO] [4/61] call_1343 (ed9008265ea14e20) — API request started
[2026-08-30T17:01:50.512Z] [INFO] [4/61] call_1343 — completed in 14s
[2026-08-30T17:01:50.513Z] [INFO] [5/61] call_1344 (eda1e39d6e724ac0) — API request started
[2026-08-30T17:02:00.980Z] [INFO] [5/61] call_1344 — completed in 10s
[2026-08-30T17:02:00.980Z] [INFO] [6/61] call_1345 (edac78e5cefc47b2) — API request started
[2026-08-30T17:02:10.865Z] [INFO] [6/61] call_1345 — completed in 10s
[2026-08-30T17:02:10.865Z] [INFO] [7/61] call_1346 (edede009f53d4ebc) — API request started
[2026-08-30T17:02:28.502Z] [INFO] [7/61] call_1346 — completed in 18s
[2026-08-30T17:02:28.503Z] [INFO] [8/61] call_1347 (ee34f34e93b64a6f) — API request started
[2026-08-30T17:02:48.967Z] [INFO] [8/61] call_1347 — completed in 20s
[2026-08-30T17:02:48.967Z] [INFO] [9/61] call_1348 (ee4cfcd4cfed4d78) — API request started
[2026-08-30T17:03:00.345Z] [INFO] [9/61] call_1348 — completed in 11s
[2026-08-30T17:03:00.346Z] [INFO] [10/61] call_1349 (ee8c44fffee3428d) — API request started
[2026-08-30T17:03:16.012Z] [INFO] [10/61] call_1349 — completed in 16s
[2026-08-30T17:03:16.012Z] [INFO] [11/61] call_1350 (eee7cef599084d45) — API request started
[2026-08-30T17:03:42.114Z] [INFO] [11/61] call_1350 — completed in 26s
[2026-08-30T17:03:42.114Z] [INFO] [12/61] call_1351 (ef07f78c8bda41c5) — API request started
[2026-08-30T17:03:55.834Z] [INFO] [12/61] call_1351 — completed in 14s
[2026-08-30T17:03:55.835Z] [INFO] [13/61] call_1352 (efc46ec0e4834ed4) — API request started
[2026-08-30T17:04:13.181Z] [INFO] [13/61] call_1352 — completed in 17s
[2026-08-30T17:04:13.182Z] [INFO] [14/61] call_1353 (efe6555042af4f5e) — API request started
[2026-08-30T17:04:30.956Z] [INFO] [14/61] call_1353 — completed in 18s
[2026-08-30T17:04:30.957Z] [INFO] [15/61] call_1354 (efef7eaee2ef4086) — API request started
[2026-08-30T17:04:45.411Z] [INFO] [15/61] call_1354 — completed in 14s
[2026-08-30T17:04:45.411Z] [INFO] [16/61] call_1355 (f070581705744ace) — API request started
[2026-08-30T17:04:57.836Z] [INFO] [16/61] call_1355 — completed in 12s
[2026-08-30T17:04:57.836Z] [INFO] [17/61] call_1356 (f083e9aefede4f26) — API request started
[2026-08-30T17:05:07.658Z] [INFO] [17/61] call_1356 — completed in 10s
[2026-08-30T17:05:07.658Z] [INFO] [18/61] call_1357 (f0be506ab75c487d) — API request started
[2026-08-30T17:05:22.892Z] [INFO] [18/61] call_1357 — completed in 15s
[2026-08-30T17:05:22.893Z] [INFO] [19/61] call_1358 (f1111739bd834aa1) — API request started
[2026-08-30T17:05:40.497Z] [INFO] [19/61] call_1358 — completed in 18s
[2026-08-30T17:05:40.497Z] [INFO] [20/61] call_1359 (f13b0caf578f4a74) — API request started
[2026-08-30T17:05:54.819Z] [INFO] [20/61] call_1359 — completed in 14s
[2026-08-30T17:05:54.820Z] [INFO] [21/61] call_1360 (f17b47da27c449e0) — API request started
[2026-08-30T17:06:11.316Z] [INFO] [21/61] call_1360 — completed in 16s
[2026-08-30T17:06:11.317Z] [INFO] [22/61] call_1361 (f1833427d3a24ea8) — API request started
[2026-08-30T17:06:27.292Z] [INFO] [22/61] call_1361 — completed in 16s
[2026-08-30T17:06:27.292Z] [INFO] [23/61] call_1362 (f188899db7cd458a) — API request started
[2026-08-30T17:06:38.846Z] [INFO] [23/61] call_1362 — completed in 12s
[2026-08-30T17:06:38.846Z] [INFO] [24/61] call_1363 (f19d049c3ae54422) — API request started
[2026-08-30T17:06:55.949Z] [INFO] [24/61] call_1363 — completed in 17s
[2026-08-30T17:06:55.949Z] [INFO] [25/61] call_1364 (f1d92443445f4eb9) — API request started
[2026-08-30T17:07:10.507Z] [INFO] [25/61] call_1364 — completed in 15s
[2026-08-30T17:07:10.507Z] [INFO] [26/61] call_1365 (f1ff417d42fa4a25) — API request started
[2026-08-30T17:07:24.730Z] [INFO] [26/61] call_1365 — completed in 14s
[2026-08-30T17:07:24.732Z] [INFO] [27/61] call_1366 (f26820c2fd1445bd) — API request started
[2026-08-30T17:07:36.598Z] [INFO] [27/61] call_1366 — completed in 12s
[2026-08-30T17:07:36.598Z] [INFO] [28/61] call_1367 (f276464c404a47e2) — API request started
[2026-08-30T17:07:47.140Z] [INFO] [28/61] call_1367 — completed in 11s
[2026-08-30T17:07:47.141Z] [INFO] [29/61] call_1368 (f2c377790dd0480a) — API request started
[2026-08-30T17:08:03.338Z] [INFO] [29/61] call_1368 — completed in 16s
[2026-08-30T17:08:03.339Z] [INFO] [30/61] call_1369 (f2e0320518794684) — API request started
[2026-08-30T17:08:17.364Z] [INFO] [30/61] call_1369 — completed in 14s
[2026-08-30T17:08:17.364Z] [INFO] [31/61] call_1370 (f2e60e6acc004b1b) — API request started
[2026-08-30T17:08:27.060Z] [INFO] [31/61] call_1370 — completed in 10s
[2026-08-30T17:08:27.060Z] [INFO] [32/61] call_1371 (f30fe0cefb794198) — API request started
[2026-08-30T17:08:43.739Z] [INFO] [32/61] call_1371 — completed in 17s
[2026-08-30T17:08:43.741Z] [INFO] [33/61] call_1372 (f340f2934ef04530) — API request started
[2026-08-30T17:08:53.722Z] [INFO] [33/61] call_1372 — completed in 10s
[2026-08-30T17:08:53.723Z] [INFO] [34/61] call_1373 (f3727c2eb90042c9) — API request started
[2026-08-30T17:09:04.382Z] [INFO] [34/61] call_1373 — completed in 11s
[2026-08-30T17:09:04.382Z] [INFO] [35/61] call_1374 (f398737da1834ccb) — API request started
[2026-08-30T17:09:19.553Z] [INFO] [35/61] call_1374 — completed in 15s
[2026-08-30T17:09:19.554Z] [INFO] [36/61] call_1375 (f39aaffdd5d046b1) — API request started
[2026-08-30T17:09:31.212Z] [INFO] [36/61] call_1375 — completed in 12s
[2026-08-30T17:09:31.213Z] [INFO] [37/61] call_1376 (f39db1f65ed04810) — API request started
[2026-08-30T17:09:44.456Z] [INFO] [37/61] call_1376 — completed in 13s
[2026-08-30T17:09:44.456Z] [INFO] [38/61] call_1377 (f3dcc9c4852b47df) — API request started
[2026-08-30T17:09:56.611Z] [INFO] [38/61] call_1377 — completed in 12s
[2026-08-30T17:09:56.611Z] [INFO] [39/61] call_1378 (f468128fbde04149) — API request started
[2026-08-30T17:10:10.343Z] [INFO] [39/61] call_1378 — completed in 14s
[2026-08-30T17:10:10.344Z] [INFO] [40/61] call_1379 (f4746f9fedbf4ee5) — API request started
[2026-08-30T17:10:20.898Z] [INFO] [40/61] call_1379 — completed in 11s
[2026-08-30T17:10:20.900Z] [INFO] [41/61] call_1380 (f47c6a470d6c4aa6) — API request started
[2026-08-30T17:10:40.135Z] [INFO] [41/61] call_1380 — completed in 19s
[2026-08-30T17:10:40.135Z] [INFO] [42/61] call_1381 (f4c37b256cc2495a) — API request started
[2026-08-30T17:10:54.590Z] [INFO] [42/61] call_1381 — completed in 14s
[2026-08-30T17:10:54.590Z] [INFO] [43/61] call_1382 (f4c53e6b71ac4633) — API request started
[2026-08-30T17:11:11.374Z] [INFO] [43/61] call_1382 — completed in 17s
[2026-08-30T17:11:11.375Z] [INFO] [44/61] call_1383 (f51ec0c7d714424b) — API request started
[2026-08-30T17:11:23.436Z] [INFO] [44/61] call_1383 — completed in 12s
[2026-08-30T17:11:23.437Z] [INFO] [45/61] call_1384 (f52d4b1915584dff) — API request started
[2026-08-30T17:11:40.353Z] [INFO] [45/61] call_1384 — completed in 17s
[2026-08-30T17:11:40.354Z] [INFO] [46/61] call_1385 (f532ec6868af4fd6) — API request started
[2026-08-30T17:11:53.347Z] [INFO] [46/61] call_1385 — completed in 13s
[2026-08-30T17:11:53.348Z] [INFO] [47/61] call_1386 (f53f80ae25164926) — API request started
[2026-08-30T17:12:07.493Z] [INFO] [47/61] call_1386 — completed in 14s
[2026-08-30T17:12:07.494Z] [INFO] [48/61] call_1387 (f56a927ba1f643f7) — API request started
[2026-08-30T17:12:26.424Z] [INFO] [48/61] call_1387 — completed in 19s
[2026-08-30T17:12:26.425Z] [INFO] [49/61] call_1388 (f58e468ecd80474d) — API request started
[2026-08-30T17:12:51.136Z] [INFO] [49/61] call_1388 — completed in 25s
[2026-08-30T17:12:51.136Z] [INFO] [50/61] call_1389 (f596326a596a4bcc) — API request started
[2026-08-30T17:13:05.651Z] [INFO] [50/61] call_1389 — completed in 15s
[2026-08-30T17:13:05.651Z] [INFO] [51/61] call_1390 (f5bbaac44ca044db) — API request started
[2026-08-30T17:13:17.103Z] [INFO] [51/61] call_1390 — completed in 11s
[2026-08-30T17:13:17.104Z] [INFO] [52/61] call_1391 (f5ff4373dd0d41a0) — API request started
[2026-08-30T17:13:28.671Z] [INFO] [52/61] call_1391 — completed in 12s
[2026-08-30T17:13:28.672Z] [INFO] [53/61] call_1392 (f6265bb9bd98409d) — API request started
[2026-08-30T17:13:40.658Z] [INFO] [53/61] call_1392 — completed in 12s
[2026-08-30T17:13:40.659Z] [INFO] [54/61] call_1393 (f668f0034b4f4e97) — API request started
[2026-08-30T17:13:56.512Z] [INFO] [54/61] call_1393 — completed in 16s
[2026-08-30T17:13:56.513Z] [INFO] [55/61] call_1394 (f6954d062b2444c1) — API request started
[2026-08-30T17:14:08.316Z] [INFO] [55/61] call_1394 — completed in 12s
[2026-08-30T17:14:08.316Z] [INFO] [56/61] call_1395 (f6a392b3cd87487d) — API request started
[2026-08-30T17:14:26.200Z] [INFO] [56/61] call_1395 — completed in 18s
[2026-08-30T17:14:26.202Z] [INFO] [57/61] call_1396 (f7010963937449d3) — API request started
[2026-08-30T17:14:46.455Z] [INFO] [57/61] call_1396 — completed in 20s
[2026-08-30T17:14:46.456Z] [INFO] [58/61] call_1397 (f74d2f4499664b40) — API request started
[2026-08-30T17:14:58.760Z] [INFO] [58/61] call_1397 — completed in 12s
[2026-08-30T17:14:58.760Z] [INFO] [59/61] call_1398 (f752f5e5b7f34adf) — API request started
[2026-08-30T17:15:11.289Z] [INFO] [59/61] call_1398 — completed in 13s
[2026-08-30T17:15:11.289Z] [INFO] [60/61] call_1399 (f78667d43e34400b) — API request started
[2026-08-30T17:15:28.026Z] [INFO] [60/61] call_1399 — completed in 17s
[2026-08-30T17:15:28.027Z] [INFO] [61/61] call_1400 (f7891ff150d24238) — API request started
[2026-08-30T17:15:39.643Z] [INFO] [61/61] call_1400 — completed in 12s
[2026-08-30T17:15:39.644Z] [INFO] Batch finished successfully. Completed in selected range: 61/61.
[2026-08-30T17:17:03.396Z] [INFO] ========== Batch run started ==========
[2026-08-30T17:17:03.400Z] [INFO] Validating: /Users/sukesh/Documents/vrize/callradar-data/combined
[2026-08-30T17:17:03.419Z] [INFO] Validation passed: 41 call folder(s), call_1401 through call_1441
[2026-08-30T17:17:03.421Z] [INFO] Already completed in selected range: 0
[2026-08-30T17:17:03.421Z] [INFO] Pending in selected range: 41
[2026-08-30T17:17:03.421Z] [INFO] Processing in this run: 41
[2026-08-30T17:17:03.421Z] [INFO] API: http://127.0.0.1:8894/audio/transcribe
[2026-08-30T17:17:03.421Z] [INFO] [1/41] call_1401 (f78be9dcf2d54334) — API request started
[2026-08-30T17:17:15.826Z] [INFO] [1/41] call_1401 — completed in 12s
[2026-08-30T17:17:15.827Z] [INFO] [2/41] call_1402 (f793221722af4fe5) — API request started
[2026-08-30T17:17:28.081Z] [INFO] [2/41] call_1402 — completed in 12s
[2026-08-30T17:17:28.081Z] [INFO] [3/41] call_1403 (f7a58ee6f71b4cfc) — API request started
[2026-08-30T17:17:39.817Z] [INFO] [3/41] call_1403 — completed in 12s
[2026-08-30T17:17:39.818Z] [INFO] [4/41] call_1404 (f7b1acb11c5d4579) — API request started
[2026-08-30T17:17:52.616Z] [INFO] [4/41] call_1404 — completed in 13s
[2026-08-30T17:17:52.616Z] [INFO] [5/41] call_1405 (f85f8bc3b7cc47ba) — API request started
[2026-08-30T17:18:05.978Z] [INFO] [5/41] call_1405 — completed in 13s
[2026-08-30T17:18:05.978Z] [INFO] [6/41] call_1406 (f8875f281dc1427a) — API request started
[2026-08-30T17:18:18.975Z] [INFO] [6/41] call_1406 — completed in 13s
[2026-08-30T17:18:18.975Z] [INFO] [7/41] call_1407 (f8b8055e255e40b7) — API request started
[2026-08-30T17:18:30.642Z] [INFO] [7/41] call_1407 — completed in 12s
[2026-08-30T17:18:30.642Z] [INFO] [8/41] call_1408 (f8e6c0649176495d) — API request started
[2026-08-30T17:18:41.707Z] [INFO] [8/41] call_1408 — completed in 11s
[2026-08-30T17:18:41.707Z] [INFO] [9/41] call_1409 (f92c9662d77a4645) — API request started
[2026-08-30T17:18:53.275Z] [INFO] [9/41] call_1409 — completed in 12s
[2026-08-30T17:18:53.275Z] [INFO] [10/41] call_1410 (f97b4e058aa04216) — API request started
[2026-08-30T17:19:11.423Z] [INFO] [10/41] call_1410 — completed in 18s
[2026-08-30T17:19:11.424Z] [INFO] [11/41] call_1411 (f98d168b9f49447d) — API request started
[2026-08-30T17:19:24.944Z] [INFO] [11/41] call_1411 — completed in 14s
[2026-08-30T17:19:24.944Z] [INFO] [12/41] call_1412 (f9e797a1807e41fd) — API request started
[2026-08-30T17:19:39.483Z] [INFO] [12/41] call_1412 — completed in 15s
[2026-08-30T17:19:39.484Z] [INFO] [13/41] call_1413 (f9f57c44d80d4d75) — API request started
[2026-08-30T17:19:53.103Z] [INFO] [13/41] call_1413 — completed in 14s
[2026-08-30T17:19:53.103Z] [INFO] [14/41] call_1414 (fa2815e49ec64538) — API request started
[2026-08-30T17:20:10.190Z] [INFO] [14/41] call_1414 — completed in 17s
[2026-08-30T17:20:10.190Z] [INFO] [15/41] call_1415 (fa2b92ec375b45d4) — API request started
[2026-08-30T17:20:27.814Z] [INFO] [15/41] call_1415 — completed in 18s
[2026-08-30T17:20:27.814Z] [INFO] [16/41] call_1416 (fa69eec631834983) — API request started
[2026-08-30T17:20:43.160Z] [INFO] [16/41] call_1416 — completed in 15s
[2026-08-30T17:20:43.160Z] [INFO] [17/41] call_1417 (fa9cc187b49b4c89) — API request started
[2026-08-30T17:21:00.585Z] [INFO] [17/41] call_1417 — completed in 17s
[2026-08-30T17:21:00.585Z] [INFO] [18/41] call_1418 (fac8f08ea8414310) — API request started
[2026-08-30T17:21:20.603Z] [INFO] [18/41] call_1418 — completed in 20s
[2026-08-30T17:21:20.604Z] [INFO] [19/41] call_1419 (faecc73e62614249) — API request started
[2026-08-30T17:21:32.001Z] [INFO] [19/41] call_1419 — completed in 11s
[2026-08-30T17:21:32.001Z] [INFO] [20/41] call_1420 (faf12706cc9245f5) — API request started
[2026-08-30T17:21:48.438Z] [INFO] [20/41] call_1420 — completed in 16s
[2026-08-30T17:21:48.439Z] [INFO] [21/41] call_1421 (faf99f6f141845d2) — API request started
[2026-08-30T17:22:03.866Z] [INFO] [21/41] call_1421 — completed in 15s
[2026-08-30T17:22:03.867Z] [INFO] [22/41] call_1422 (fb035f9280074363) — API request started
[2026-08-30T17:22:17.678Z] [INFO] [22/41] call_1422 — completed in 14s
[2026-08-30T17:22:17.678Z] [INFO] [23/41] call_1423 (fb0907e0edbc4b15) — API request started
[2026-08-30T17:22:36.009Z] [INFO] [23/41] call_1423 — completed in 18s
[2026-08-30T17:22:36.009Z] [INFO] [24/41] call_1424 (fb6313dc5a674409) — API request started
[2026-08-30T17:22:54.235Z] [INFO] [24/41] call_1424 — completed in 18s
[2026-08-30T17:22:54.236Z] [INFO] [25/41] call_1425 (fb6437545dd94223) — API request started
[2026-08-30T17:23:08.775Z] [INFO] [25/41] call_1425 — completed in 15s
[2026-08-30T17:23:08.776Z] [INFO] [26/41] call_1426 (fb6cf856476648c9) — API request started
[2026-08-30T17:23:21.121Z] [INFO] [26/41] call_1426 — completed in 12s
[2026-08-30T17:23:21.121Z] [INFO] [27/41] call_1427 (fb743318c40c4e6f) — API request started
[2026-08-30T17:23:36.021Z] [INFO] [27/41] call_1427 — completed in 15s
[2026-08-30T17:23:36.022Z] [INFO] [28/41] call_1428 (fb7ffd4bdc004d0c) — API request started
[2026-08-30T17:23:47.637Z] [INFO] [28/41] call_1428 — completed in 12s
[2026-08-30T17:23:47.638Z] [INFO] [29/41] call_1429 (fb980cb8c7694f3f) — API request started
[2026-08-30T17:24:01.100Z] [INFO] [29/41] call_1429 — completed in 13s
[2026-08-30T17:24:01.100Z] [INFO] [30/41] call_1430 (fbac1228c6e94fa0) — API request started
[2026-08-30T17:24:11.120Z] [INFO] [30/41] call_1430 — completed in 10s
[2026-08-30T17:24:11.121Z] [INFO] [31/41] call_1431 (fbaddaf43b3f4c0b) — API request started
[2026-08-30T17:24:22.580Z] [INFO] [31/41] call_1431 — completed in 11s
[2026-08-30T17:24:22.581Z] [INFO] [32/41] call_1432 (fbf35114ccb44ace) — API request started
[2026-08-30T17:24:34.275Z] [INFO] [32/41] call_1432 — completed in 12s
[2026-08-30T17:24:34.275Z] [INFO] [33/41] call_1433 (fc66c1a1c15546c7) — API request started
[2026-08-30T17:24:45.668Z] [INFO] [33/41] call_1433 — completed in 11s
[2026-08-30T17:24:45.669Z] [INFO] [34/41] call_1434 (fca5716ccfbe45c4) — API request started
[2026-08-30T17:25:06.135Z] [INFO] [34/41] call_1434 — completed in 20s
[2026-08-30T17:25:06.136Z] [INFO] [35/41] call_1435 (fdea24591f314af0) — API request started
[2026-08-30T17:25:23.233Z] [INFO] [35/41] call_1435 — completed in 17s
[2026-08-30T17:25:23.233Z] [INFO] [36/41] call_1436 (fe4b20f68f0d4de3) — API request started
[2026-08-30T17:25:37.274Z] [INFO] [36/41] call_1436 — completed in 14s
[2026-08-30T17:25:37.275Z] [INFO] [37/41] call_1437 (fe5a642df4ae45a9) — API request started
[2026-08-30T17:25:51.382Z] [INFO] [37/41] call_1437 — completed in 14s
[2026-08-30T17:25:51.383Z] [INFO] [38/41] call_1438 (fe90f5edffb24a21) — API request started
[2026-08-30T17:26:02.615Z] [INFO] [38/41] call_1438 — completed in 11s
[2026-08-30T17:26:02.616Z] [INFO] [39/41] call_1439 (feb80666630a4b94) — API request started
[2026-08-30T17:26:15.686Z] [INFO] [39/41] call_1439 — completed in 13s
[2026-08-30T17:26:15.687Z] [INFO] [40/41] call_1440 (feb82e86eb764d7f) — API request started
[2026-08-30T17:26:32.265Z] [INFO] [40/41] call_1440 — completed in 17s
[2026-08-30T17:26:32.265Z] [INFO] [41/41] call_1441 (ff0296d00e5e4184) — API request started
[2026-08-30T17:26:44.566Z] [INFO] [41/41] call_1441 — completed in 12s
[2026-08-30T17:26:44.568Z] [INFO] Batch finished successfully. Completed in selected range: 41/41.
